event_id,experimental_session_id,source_cluster_id,source_run_id,family_event_id,family_duplicate_group_id,family_event_role,primary_stream_allowed,timestamp_broker,timestamp_utc,timestamp_local,symbol,expert_family,observer,decision_bar_time,experimental_event_type,experimental_state,direction,level_kind,level_price,entry_price_projected,stop_price_projected,target_price_projected,stop_distance_points,risk_state,execution_state,server_time_status,spread_points,cost_mode,entry_spread_points,exit_spread_points_assumed,slippage_entry_points_assumed,slippage_exit_points_assumed,total_cost_points,slippage_points_assumed,modeled_cost_r,measured_cost_r_proxy,net_expectancy_r_baseline,net_expectancy_r_after_proxy_cost,gross_expectancy_r_source,baseline_assumed_cost_r,baseline_net_expectancy_r,proxy_cost_r,net_after_proxy_from_gross_r,net_delta_vs_assumed_baseline_r,kill_rule_state,source_trade_permission,source_dry_run,source_reason_code,review_status,review_notes
PH3EXP00001,phase3-experimental-offline-v0,WS001,phase1-dry-run-v0.6,FAM00001,FAM00001,PRIMARY_EXECUTION_CANDIDATE,true,2026.05.22 11:25:01,2026.05.22 11:24:57,2026.05.22 15:24:57,XAUUSD,breakout_retest_family,breakout_retest,2026.05.22 11:25:00,WOULD_OPEN,EXPERIMENT_ONLY,SHORT,latest_swing_low,4514.67,4511.74,4516.09,4505.22,434.9100,NORMAL,EXECUTION_OK,CLOCK_OK,50.0000,entry_exit_proxy,50.0000,50.0000,5.0000,5.0000,110.0000,10.0000,0.3228,0.2529,0.1888,0.2587,fixed_notional_phase0_baseline,0.3228,0.1888,0.2529,0.2587,0.0699,NORMAL,false,true,BREAKOUT_RETEST_SHORT_DRY_RUN,PENDING,Offline Phase 3 experiment generated from blocked Phase 1 would-signal evidence.
PH3EXP00002,phase3-experimental-offline-v0,WS002,phase1-dry-run-v0.6,FAM00001,FAM00001,OBSERVER_DUPLICATE,false,2026.05.22 11:25:01,2026.05.22 11:24:57,2026.05.22 15:24:57,XAUUSD,breakout_retest_family,swing_breakout_retest_v0,2026.05.22 11:25:00,WOULD_OPEN,EXPERIMENT_ONLY,SHORT,latest_swing_low,4514.67,4511.74,4516.09,4505.22,434.9100,NORMAL,EXECUTION_OK,CLOCK_OK,50.0000,entry_exit_proxy,50.0000,50.0000,5.0000,5.0000,110.0000,10.0000,0.3228,0.2529,0.1888,0.2587,fixed_notional_phase0_baseline,0.3228,0.1888,0.2529,0.2587,0.0699,NORMAL,false,true,SWING_BREAKOUT_RETEST_SHORT_DRY_RUN,PENDING,Offline Phase 3 experiment generated from blocked Phase 1 would-signal evidence.
PH3EXP00003,phase3-experimental-offline-v0,WS003,phase1-dry-run-v0.6,FAM00002,FAM00002,PRIMARY_EXECUTION_CANDIDATE,true,2026.05.22 11:50:01,2026.05.22 11:49:57,2026.05.22 15:49:57,XAUUSD,breakout_retest_family,breakout_retest,2026.05.22 11:50:00,WOULD_OPEN,EXPERIMENT_ONLY,LONG,latest_swing_high,4517.11,4522.94,4516.58,4532.47,635.5700,NORMAL,EXECUTION_OK,CLOCK_OK,50.0000,entry_exit_proxy,50.0000,50.0000,5.0000,5.0000,110.0000,10.0000,0.3228,0.1731,0.1888,0.3385,fixed_notional_phase0_baseline,0.3228,0.1888,0.1731,0.3385,0.1497,NORMAL,false,true,BREAKOUT_RETEST_LONG_DRY_RUN,PENDING,Offline Phase 3 experiment generated from blocked Phase 1 would-signal evidence.
PH3EXP00004,phase3-experimental-offline-v0,WS004,phase1-dry-run-v0.6,FAM00002,FAM00002,OBSERVER_DUPLICATE,false,2026.05.22 11:50:01,2026.05.22 11:49:57,2026.05.22 15:49:57,XAUUSD,breakout_retest_family,swing_breakout_retest_v0,2026.05.22 11:50:00,WOULD_OPEN,EXPERIMENT_ONLY,LONG,latest_swing_high,4517.11,4522.94,4516.58,4532.47,635.5700,NORMAL,EXECUTION_OK,CLOCK_OK,50.0000,entry_exit_proxy,50.0000,50.0000,5.0000,5.0000,110.0000,10.0000,0.3228,0.1731,0.1888,0.3385,fixed_notional_phase0_baseline,0.3228,0.1888,0.1731,0.3385,0.1497,NORMAL,false,true,SWING_BREAKOUT_RETEST_LONG_DRY_RUN,PENDING,Offline Phase 3 experiment generated from blocked Phase 1 would-signal evidence.
PH3EXP00005,phase3-experimental-offline-v0,WS005,phase1-dry-run-v0.6,FAM00003,FAM00003,PRIMARY_EXECUTION_CANDIDATE,true,2026.05.22 12:45:00,2026.05.22 12:44:56,2026.05.22 16:44:56,XAUUSD,breakout_retest_family,breakout_retest,2026.05.22 12:45:00,WOULD_OPEN,EXPERIMENT_ONLY,LONG,latest_swing_high,4517.11,4518.58,4514.30,4525.01,428.4900,NORMAL,EXECUTION_OK,CLOCK_OK,75.0000,entry_exit_proxy,75.0000,75.0000,5.0000,5.0000,160.0000,10.0000,0.3228,0.3734,0.1888,0.1382,fixed_notional_phase0_baseline,0.3228,0.1888,0.3734,0.1382,-0.0506,SUSPEND_FAMILY,false,true,BREAKOUT_RETEST_LONG_DRY_RUN,PENDING,Offline Phase 3 experiment generated from blocked Phase 1 would-signal evidence.
PH3EXP00006,phase3-experimental-offline-v0,WS006,phase1-dry-run-v0.6,FAM00003,FAM00003,OBSERVER_DUPLICATE,false,2026.05.22 12:45:00,2026.05.22 12:44:56,2026.05.22 16:44:56,XAUUSD,breakout_retest_family,swing_breakout_retest_v0,2026.05.22 12:45:00,WOULD_OPEN,EXPERIMENT_ONLY,LONG,latest_swing_high,4517.11,4518.58,4514.30,4525.01,428.4900,NORMAL,EXECUTION_OK,CLOCK_OK,75.0000,entry_exit_proxy,75.0000,75.0000,5.0000,5.0000,160.0000,10.0000,0.3228,0.3734,0.1888,0.1382,fixed_notional_phase0_baseline,0.3228,0.1888,0.3734,0.1382,-0.0506,SUSPEND_FAMILY,false,true,SWING_BREAKOUT_RETEST_LONG_DRY_RUN,PENDING,Offline Phase 3 experiment generated from blocked Phase 1 would-signal evidence.
PH3EXP00007,phase3-experimental-offline-v0,WS007,phase1-dry-run-v0.6,FAM00004,FAM00004,PRIMARY_EXECUTION_CANDIDATE,true,2026.05.22 12:50:00,2026.05.22 12:50:01,2026.05.22 16:50:01,XAUUSD,breakout_retest_family,breakout_retest,2026.05.22 12:50:00,WOULD_OPEN,EXPERIMENT_ONLY,LONG,latest_swing_high,4517.11,4519.58,4515.40,4525.85,417.7800,NORMAL,EXECUTION_OK,CLOCK_OK,50.0000,entry_exit_proxy,50.0000,50.0000,5.0000,5.0000,110.0000,10.0000,0.3228,0.2633,0.1888,0.2483,fixed_notional_phase0_baseline,0.3228,0.1888,0.2633,0.2483,0.0595,NORMAL,false,true,BREAKOUT_RETEST_LONG_DRY_RUN,PENDING,Offline Phase 3 experiment generated from blocked Phase 1 would-signal evidence.
PH3EXP00008,phase3-experimental-offline-v0,WS008,phase1-dry-run-v0.6,FAM00004,FAM00004,OBSERVER_DUPLICATE,false,2026.05.22 12:50:00,2026.05.22 12:50:01,2026.05.22 16:50:01,XAUUSD,breakout_retest_family,swing_breakout_retest_v0,2026.05.22 12:50:00,WOULD_OPEN,EXPERIMENT_ONLY,LONG,latest_swing_high,4517.11,4519.58,4515.40,4525.85,417.7800,NORMAL,EXECUTION_OK,CLOCK_OK,50.0000,entry_exit_proxy,50.0000,50.0000,5.0000,5.0000,110.0000,10.0000,0.3228,0.2633,0.1888,0.2483,fixed_notional_phase0_baseline,0.3228,0.1888,0.2633,0.2483,0.0595,NORMAL,false,true,SWING_BREAKOUT_RETEST_LONG_DRY_RUN,PENDING,Offline Phase 3 experiment generated from blocked Phase 1 would-signal evidence.
PH3EXP00009,phase3-experimental-offline-v0,WS009,phase1-dry-run-v0.6,FAM00005,FAM00005,PRIMARY_EXECUTION_CANDIDATE,true,2026.05.22 14:05:00,2026.05.22 14:05:00,2026.05.22 18:05:00,XAUUSD,breakout_retest_family,breakout_retest,2026.05.22 14:05:00,WOULD_OPEN,EXPERIMENT_ONLY,SHORT,latest_swing_low,4514.87,4511.45,4517.35,4502.59,590.4600,NORMAL,EXECUTION_OK,CLOCK_OK,50.0000,entry_exit_proxy,50.0000,50.0000,5.0000,5.0000,110.0000,10.0000,0.3228,0.1863,0.1888,0.3253,fixed_notional_phase0_baseline,0.3228,0.1888,0.1863,0.3253,0.1365,NORMAL,false,true,BREAKOUT_RETEST_SHORT_DRY_RUN,PENDING,Offline Phase 3 experiment generated from blocked Phase 1 would-signal evidence.
PH3EXP00010,phase3-experimental-offline-v0,WS010,phase1-dry-run-v0.6,FAM00005,FAM00005,OBSERVER_DUPLICATE,false,2026.05.22 14:05:00,2026.05.22 14:05:00,2026.05.22 18:05:00,XAUUSD,breakout_retest_family,swing_breakout_retest_v0,2026.05.22 14:05:00,WOULD_OPEN,EXPERIMENT_ONLY,SHORT,latest_swing_low,4514.87,4511.45,4517.35,4502.59,590.4600,NORMAL,EXECUTION_OK,CLOCK_OK,50.0000,entry_exit_proxy,50.0000,50.0000,5.0000,5.0000,110.0000,10.0000,0.3228,0.1863,0.1888,0.3253,fixed_notional_phase0_baseline,0.3228,0.1888,0.1863,0.3253,0.1365,NORMAL,false,true,SWING_BREAKOUT_RETEST_SHORT_DRY_RUN,PENDING,Offline Phase 3 experiment generated from blocked Phase 1 would-signal evidence.
PH3EXP00011,phase3-experimental-offline-v0,WS011,phase1-dry-run-v0.6,FAM00006,FAM00006,PRIMARY_EXECUTION_CANDIDATE,true,2026.05.25 05:50:00,2026.05.25 05:49:57,2026.05.25 11:19:57,XAUUSD,breakout_retest_family,breakout_retest,2026.05.25 05:50:00,WOULD_OPEN,EXPERIMENT_ONLY,SHORT,latest_swing_low,4559.47,4555.14,4561.13,4546.16,598.5500,NORMAL,EXECUTION_OK,CLOCK_OK,50.0000,entry_exit_proxy,50.0000,50.0000,5.0000,5.0000,110.0000,10.0000,0.3228,0.1838,0.1888,0.3278,fixed_notional_phase0_baseline,0.3228,0.1888,0.1838,0.3278,0.1390,NORMAL,false,true,BREAKOUT_RETEST_SHORT_DRY_RUN,PENDING,Offline Phase 3 experiment generated from blocked Phase 1 would-signal evidence.
PH3EXP00012,phase3-experimental-offline-v0,WS012,phase1-dry-run-v0.6,FAM00006,FAM00006,OBSERVER_DUPLICATE,false,2026.05.25 05:50:00,2026.05.25 05:49:57,2026.05.25 11:19:57,XAUUSD,breakout_retest_family,swing_breakout_retest_v0,2026.05.25 05:50:00,WOULD_OPEN,EXPERIMENT_ONLY,SHORT,latest_swing_low,4559.47,4555.14,4561.13,4546.16,598.5500,NORMAL,EXECUTION_OK,CLOCK_OK,50.0000,entry_exit_proxy,50.0000,50.0000,5.0000,5.0000,110.0000,10.0000,0.3228,0.1838,0.1888,0.3278,fixed_notional_phase0_baseline,0.3228,0.1888,0.1838,0.3278,0.1390,NORMAL,false,true,SWING_BREAKOUT_RETEST_SHORT_DRY_RUN,PENDING,Offline Phase 3 experiment generated from blocked Phase 1 would-signal evidence.
PH3EXP00013,phase3-experimental-offline-v0,WS013,phase1-dry-run-v0.6,FAM00007,FAM00007,PRIMARY_EXECUTION_CANDIDATE,true,2026.05.25 07:40:00,2026.05.25 07:39:56,2026.05.25 13:09:56,XAUUSD,breakout_retest_family,breakout_retest,2026.05.25 07:40:00,WOULD_OPEN,EXPERIMENT_ONLY,SHORT,latest_swing_low,4559.47,4553.95,4562.05,4541.80,810.1100,NORMAL,EXECUTION_OK,CLOCK_OK,50.0000,entry_exit_proxy,50.0000,50.0000,5.0000,5.0000,110.0000,10.0000,0.3228,0.1358,0.1888,0.3758,fixed_notional_phase0_baseline,0.3228,0.1888,0.1358,0.3758,0.1870,NORMAL,false,true,BREAKOUT_RETEST_SHORT_DRY_RUN,PENDING,Offline Phase 3 experiment generated from blocked Phase 1 would-signal evidence.
PH3EXP00014,phase3-experimental-offline-v0,WS014,phase1-dry-run-v0.6,FAM00007,FAM00007,OBSERVER_DUPLICATE,false,2026.05.25 07:40:00,2026.05.25 07:39:56,2026.05.25 13:09:56,XAUUSD,breakout_retest_family,swing_breakout_retest_v0,2026.05.25 07:40:00,WOULD_OPEN,EXPERIMENT_ONLY,SHORT,latest_swing_low,4559.47,4553.95,4562.05,4541.80,810.1100,NORMAL,EXECUTION_OK,CLOCK_OK,50.0000,entry_exit_proxy,50.0000,50.0000,5.0000,5.0000,110.0000,10.0000,0.3228,0.1358,0.1888,0.3758,fixed_notional_phase0_baseline,0.3228,0.1888,0.1358,0.3758,0.1870,NORMAL,false,true,SWING_BREAKOUT_RETEST_SHORT_DRY_RUN,PENDING,Offline Phase 3 experiment generated from blocked Phase 1 would-signal evidence.
PH3EXP00015,phase3-experimental-offline-v0,WS015,phase1-dry-run-v0.6,FAM00008,FAM00008,PRIMARY_EXECUTION_CANDIDATE,true,2026.05.25 12:50:00,2026.05.25 12:50:00,2026.05.25 18:20:00,XAUUSD,breakout_retest_family,breakout_retest,2026.05.25 12:50:00,WOULD_OPEN,EXPERIMENT_ONLY,SHORT,latest_swing_low,4567.36,4566.19,4569.52,4561.19,333.0400,NORMAL,EXECUTION_OK,CLOCK_OK,75.0000,entry_exit_proxy,75.0000,75.0000,5.0000,5.0000,160.0000,10.0000,0.3228,0.4804,0.1888,0.0312,fixed_notional_phase0_baseline,0.3228,0.1888,0.4804,0.0312,-0.1576,SUSPEND_FAMILY,false,true,BREAKOUT_RETEST_SHORT_DRY_RUN,PENDING,Offline Phase 3 experiment generated from blocked Phase 1 would-signal evidence.
PH3EXP00016,phase3-experimental-offline-v0,WS016,phase1-dry-run-v0.6,FAM00008,FAM00008,OBSERVER_DUPLICATE,false,2026.05.25 12:50:00,2026.05.25 12:50:00,2026.05.25 18:20:00,XAUUSD,breakout_retest_family,swing_breakout_retest_v0,2026.05.25 12:50:00,WOULD_OPEN,EXPERIMENT_ONLY,SHORT,latest_swing_low,4567.36,4566.19,4569.52,4561.19,333.0400,NORMAL,EXECUTION_OK,CLOCK_OK,75.0000,entry_exit_proxy,75.0000,75.0000,5.0000,5.0000,160.0000,10.0000,0.3228,0.4804,0.1888,0.0312,fixed_notional_phase0_baseline,0.3228,0.1888,0.4804,0.0312,-0.1576,SUSPEND_FAMILY,false,true,SWING_BREAKOUT_RETEST_SHORT_DRY_RUN,PENDING,Offline Phase 3 experiment generated from blocked Phase 1 would-signal evidence.
PH3EXP00017,phase3-experimental-offline-v0,WS017,phase1-dry-run-v0.6,FAM00009,FAM00009,PRIMARY_EXECUTION_CANDIDATE,true,2026.05.25 13:20:00,2026.05.25 13:20:00,2026.05.25 18:50:00,XAUUSD,breakout_retest_family,breakout_retest,2026.05.25 13:20:00,WOULD_OPEN,EXPERIMENT_ONLY,SHORT,latest_swing_low,4567.36,4562.45,4568.88,4552.81,642.9000,NORMAL,EXECUTION_OK,CLOCK_OK,50.0000,entry_exit_proxy,50.0000,50.0000,5.0000,5.0000,110.0000,10.0000,0.3228,0.1711,0.1888,0.3405,fixed_notional_phase0_baseline,0.3228,0.1888,0.1711,0.3405,0.1517,NORMAL,false,true,BREAKOUT_RETEST_SHORT_DRY_RUN,PENDING,Offline Phase 3 experiment generated from blocked Phase 1 would-signal evidence.
PH3EXP00018,phase3-experimental-offline-v0,WS018,phase1-dry-run-v0.6,FAM00009,FAM00009,OBSERVER_DUPLICATE,false,2026.05.25 13:20:00,2026.05.25 13:20:00,2026.05.25 18:50:00,XAUUSD,breakout_retest_family,swing_breakout_retest_v0,2026.05.25 13:20:00,WOULD_OPEN,EXPERIMENT_ONLY,SHORT,latest_swing_low,4567.36,4562.45,4568.88,4552.81,642.9000,NORMAL,EXECUTION_OK,CLOCK_OK,50.0000,entry_exit_proxy,50.0000,50.0000,5.0000,5.0000,110.0000,10.0000,0.3228,0.1711,0.1888,0.3405,fixed_notional_phase0_baseline,0.3228,0.1888,0.1711,0.3405,0.1517,NORMAL,false,true,SWING_BREAKOUT_RETEST_SHORT_DRY_RUN,PENDING,Offline Phase 3 experiment generated from blocked Phase 1 would-signal evidence.
PH3EXP00019,phase3-experimental-offline-v0,WS019,phase1-dry-run-v0.6,FAM00010,FAM00010,PRIMARY_EXECUTION_CANDIDATE,true,2026.05.25 15:05:00,2026.05.25 15:05:00,2026.05.25 20:35:00,XAUUSD,breakout_retest_family,breakout_retest,2026.05.25 15:05:00,WOULD_OPEN,EXPERIMENT_ONLY,LONG,latest_swing_high,4565.43,4566.87,4564.95,4569.75,191.8100,NORMAL,EXECUTION_OK,CLOCK_OK,50.0000,entry_exit_proxy,50.0000,50.0000,5.0000,5.0000,110.0000,10.0000,0.3228,0.5735,0.1888,-0.0619,fixed_notional_phase0_baseline,0.3228,0.1888,0.5735,-0.0619,-0.2507,SUSPEND_FAMILY,false,true,BREAKOUT_RETEST_LONG_DRY_RUN,PENDING,Offline Phase 3 experiment generated from blocked Phase 1 would-signal evidence.
PH3EXP00020,phase3-experimental-offline-v0,WS020,phase1-dry-run-v0.6,FAM00010,FAM00010,OBSERVER_DUPLICATE,false,2026.05.25 15:05:00,2026.05.25 15:05:00,2026.05.25 20:35:00,XAUUSD,breakout_retest_family,swing_breakout_retest_v0,2026.05.25 15:05:00,WOULD_OPEN,EXPERIMENT_ONLY,LONG,latest_swing_high,4565.43,4566.87,4564.95,4569.75,191.8100,NORMAL,EXECUTION_OK,CLOCK_OK,50.0000,entry_exit_proxy,50.0000,50.0000,5.0000,5.0000,110.0000,10.0000,0.3228,0.5735,0.1888,-0.0619,fixed_notional_phase0_baseline,0.3228,0.1888,0.5735,-0.0619,-0.2507,SUSPEND_FAMILY,false,true,SWING_BREAKOUT_RETEST_LONG_DRY_RUN,PENDING,Offline Phase 3 experiment generated from blocked Phase 1 would-signal evidence.
PH3EXP00021,phase3-experimental-offline-v0,WS021,phase1-dry-run-v0.6,FAM00011,FAM00011,PRIMARY_EXECUTION_CANDIDATE,true,2026.05.25 15:15:00,2026.05.25 15:15:00,2026.05.25 20:45:00,XAUUSD,breakout_retest_family,breakout_retest,2026.05.25 15:15:00,WOULD_OPEN,EXPERIMENT_ONLY,LONG,latest_swing_high,4565.43,4568.04,4565.21,4572.29,283.0900,NORMAL,EXECUTION_OK,CLOCK_OK,75.0000,entry_exit_proxy,75.0000,75.0000,5.0000,5.0000,160.0000,10.0000,0.3228,0.5652,0.1888,-0.0536,fixed_notional_phase0_baseline,0.3228,0.1888,0.5652,-0.0536,-0.2424,SUSPEND_FAMILY,false,true,BREAKOUT_RETEST_LONG_DRY_RUN,PENDING,Offline Phase 3 experiment generated from blocked Phase 1 would-signal evidence.
PH3EXP00022,phase3-experimental-offline-v0,WS022,phase1-dry-run-v0.6,FAM00011,FAM00011,OBSERVER_DUPLICATE,false,2026.05.25 15:15:00,2026.05.25 15:15:00,2026.05.25 20:45:00,XAUUSD,breakout_retest_family,swing_breakout_retest_v0,2026.05.25 15:15:00,WOULD_OPEN,EXPERIMENT_ONLY,LONG,latest_swing_high,4565.43,4568.04,4565.21,4572.29,283.0900,NORMAL,EXECUTION_OK,CLOCK_OK,75.0000,entry_exit_proxy,75.0000,75.0000,5.0000,5.0000,160.0000,10.0000,0.3228,0.5652,0.1888,-0.0536,fixed_notional_phase0_baseline,0.3228,0.1888,0.5652,-0.0536,-0.2424,SUSPEND_FAMILY,false,true,SWING_BREAKOUT_RETEST_LONG_DRY_RUN,PENDING,Offline Phase 3 experiment generated from blocked Phase 1 would-signal evidence.
PH3EXP00023,phase3-experimental-offline-v0,WS023,phase1-dry-run-v0.6,FAM00012,FAM00012,PRIMARY_EXECUTION_CANDIDATE,true,2026.05.25 16:45:00,2026.05.25 16:45:00,2026.05.25 22:15:00,XAUUSD,breakout_retest_family,breakout_retest,2026.05.25 16:45:00,WOULD_OPEN,EXPERIMENT_ONLY,LONG,latest_swing_high,4570.39,4571.01,4569.24,4573.67,177.0400,NORMAL,EXECUTION_OK,CLOCK_OK,50.0000,entry_exit_proxy,50.0000,50.0000,5.0000,5.0000,110.0000,10.0000,0.3228,0.6213,0.1888,-0.1097,fixed_notional_phase0_baseline,0.3228,0.1888,0.6213,-0.1097,-0.2985,SUSPEND_FAMILY,false,true,BREAKOUT_RETEST_LONG_DRY_RUN,PENDING,Offline Phase 3 experiment generated from blocked Phase 1 would-signal evidence.
PH3EXP00024,phase3-experimental-offline-v0,WS024,phase1-dry-run-v0.6,FAM00012,FAM00012,OBSERVER_DUPLICATE,false,2026.05.25 16:45:00,2026.05.25 16:45:00,2026.05.25 22:15:00,XAUUSD,breakout_retest_family,swing_breakout_retest_v0,2026.05.25 16:45:00,WOULD_OPEN,EXPERIMENT_ONLY,LONG,latest_swing_high,4570.39,4571.01,4569.24,4573.67,177.0400,NORMAL,EXECUTION_OK,CLOCK_OK,50.0000,entry_exit_proxy,50.0000,50.0000,5.0000,5.0000,110.0000,10.0000,0.3228,0.6213,0.1888,-0.1097,fixed_notional_phase0_baseline,0.3228,0.1888,0.6213,-0.1097,-0.2985,SUSPEND_FAMILY,false,true,SWING_BREAKOUT_RETEST_LONG_DRY_RUN,PENDING,Offline Phase 3 experiment generated from blocked Phase 1 would-signal evidence.
PH3EXP00025,phase3-experimental-offline-v0,WS025,phase1-dry-run-v0.6,FAM00013,FAM00013,PRIMARY_EXECUTION_CANDIDATE,true,2026.05.25 16:50:00,2026.05.25 16:50:00,2026.05.25 22:20:00,XAUUSD,breakout_retest_family,breakout_retest,2026.05.25 16:50:00,WOULD_OPEN,EXPERIMENT_ONLY,LONG,latest_swing_high,4570.39,4572.27,4569.98,4575.71,229.1200,NORMAL,EXECUTION_OK,CLOCK_OK,50.0000,entry_exit_proxy,50.0000,50.0000,5.0000,5.0000,110.0000,10.0000,0.3228,0.4801,0.1888,0.0315,fixed_notional_phase0_baseline,0.3228,0.1888,0.4801,0.0315,-0.1573,SUSPEND_FAMILY,false,true,BREAKOUT_RETEST_LONG_DRY_RUN,PENDING,Offline Phase 3 experiment generated from blocked Phase 1 would-signal evidence.
PH3EXP00026,phase3-experimental-offline-v0,WS026,phase1-dry-run-v0.6,FAM00013,FAM00013,OBSERVER_DUPLICATE,false,2026.05.25 16:50:00,2026.05.25 16:50:00,2026.05.25 22:20:00,XAUUSD,breakout_retest_family,swing_breakout_retest_v0,2026.05.25 16:50:00,WOULD_OPEN,EXPERIMENT_ONLY,LONG,latest_swing_high,4570.39,4572.27,4569.98,4575.71,229.1200,NORMAL,EXECUTION_OK,CLOCK_OK,50.0000,entry_exit_proxy,50.0000,50.0000,5.0000,5.0000,110.0000,10.0000,0.3228,0.4801,0.1888,0.0315,fixed_notional_phase0_baseline,0.3228,0.1888,0.4801,0.0315,-0.1573,SUSPEND_FAMILY,false,true,SWING_BREAKOUT_RETEST_LONG_DRY_RUN,PENDING,Offline Phase 3 experiment generated from blocked Phase 1 would-signal evidence.
PH3EXP00027,phase3-experimental-offline-v0,WS027,phase1-dry-run-v0.6,FAM00014,FAM00014,PRIMARY_EXECUTION_CANDIDATE,true,2026.05.25 22:20:00,2026.05.25 22:19:59,2026.05.26 03:49:59,XAUUSD,breakout_retest_family,breakout_retest,2026.05.25 22:20:00,WOULD_OPEN,EXPERIMENT_ONLY,LONG,latest_swing_high,4572.59,4574.04,4571.76,4577.46,228.1100,NORMAL,EXECUTION_OK,CLOCK_OK,50.0000,entry_exit_proxy,50.0000,50.0000,5.0000,5.0000,110.0000,10.0000,0.3228,0.4822,0.1888,0.0294,fixed_notional_phase0_baseline,0.3228,0.1888,0.4822,0.0294,-0.1594,SUSPEND_FAMILY,false,true,BREAKOUT_RETEST_LONG_DRY_RUN,PENDING,Offline Phase 3 experiment generated from blocked Phase 1 would-signal evidence.
PH3EXP00028,phase3-experimental-offline-v0,WS028,phase1-dry-run-v0.6,FAM00014,FAM00014,OBSERVER_DUPLICATE,false,2026.05.25 22:20:00,2026.05.25 22:19:59,2026.05.26 03:49:59,XAUUSD,breakout_retest_family,swing_breakout_retest_v0,2026.05.25 22:20:00,WOULD_OPEN,EXPERIMENT_ONLY,LONG,latest_swing_high,4572.59,4574.04,4571.76,4577.46,228.1100,NORMAL,EXECUTION_OK,CLOCK_OK,50.0000,entry_exit_proxy,50.0000,50.0000,5.0000,5.0000,110.0000,10.0000,0.3228,0.4822,0.1888,0.0294,fixed_notional_phase0_baseline,0.3228,0.1888,0.4822,0.0294,-0.1594,SUSPEND_FAMILY,false,true,SWING_BREAKOUT_RETEST_LONG_DRY_RUN,PENDING,Offline Phase 3 experiment generated from blocked Phase 1 would-signal evidence.
PH3EXP00029,phase3-experimental-offline-v0,WS029,phase1-dry-run-v0.6,FAM00015,FAM00015,PRIMARY_EXECUTION_CANDIDATE,true,2026.05.25 22:45:01,2026.05.25 22:44:59,2026.05.26 04:14:59,XAUUSD,breakout_retest_family,breakout_retest,2026.05.25 22:45:00,WOULD_OPEN,EXPERIMENT_ONLY,LONG,latest_swing_high,4571.28,4573.37,4569.19,4579.63,417.5400,NORMAL,EXECUTION_OK,CLOCK_OK,50.0000,entry_exit_proxy,50.0000,50.0000,5.0000,5.0000,110.0000,10.0000,0.3228,0.2634,0.1888,0.2482,fixed_notional_phase0_baseline,0.3228,0.1888,0.2634,0.2482,0.0594,NORMAL,false,true,BREAKOUT_RETEST_LONG_DRY_RUN,PENDING,Offline Phase 3 experiment generated from blocked Phase 1 would-signal evidence.
PH3EXP00030,phase3-experimental-offline-v0,WS030,phase1-dry-run-v0.6,FAM00015,FAM00015,OBSERVER_DUPLICATE,false,2026.05.25 22:45:01,2026.05.25 22:44:59,2026.05.26 04:14:59,XAUUSD,breakout_retest_family,swing_breakout_retest_v0,2026.05.25 22:45:00,WOULD_OPEN,EXPERIMENT_ONLY,LONG,latest_swing_high,4571.28,4573.37,4569.19,4579.63,417.5400,NORMAL,EXECUTION_OK,CLOCK_OK,50.0000,entry_exit_proxy,50.0000,50.0000,5.0000,5.0000,110.0000,10.0000,0.3228,0.2634,0.1888,0.2482,fixed_notional_phase0_baseline,0.3228,0.1888,0.2634,0.2482,0.0594,NORMAL,false,true,SWING_BREAKOUT_RETEST_LONG_DRY_RUN,PENDING,Offline Phase 3 experiment generated from blocked Phase 1 would-signal evidence.
PH3EXP00031,phase3-experimental-offline-v0,WS031,phase1-dry-run-v0.6,FAM00016,,PRIMARY_EXECUTION_CANDIDATE,true,2026.05.26 00:55:00,2026.05.26 00:54:58,2026.05.26 06:24:58,XAUUSD,breakout_retest_family,breakout_retest,2026.05.26 00:55:00,WOULD_OPEN,EXPERIMENT_ONLY,SHORT,previous_daily_low,4550.23,4544.51,4552.17,4533.02,765.8200,NORMAL,EXECUTION_OK,CLOCK_OK,50.0000,entry_exit_proxy,50.0000,50.0000,5.0000,5.0000,110.0000,10.0000,0.3228,0.1436,0.1888,0.3680,fixed_notional_phase0_baseline,0.3228,0.1888,0.1436,0.3680,0.1792,NORMAL,false,true,BREAKOUT_RETEST_SHORT_DRY_RUN,PENDING,Offline Phase 3 experiment generated from blocked Phase 1 would-signal evidence.
PH3EXP00032,phase3-experimental-offline-v0,WS032,phase1-dry-run-v0.6,FAM00017,FAM00017,PRIMARY_EXECUTION_CANDIDATE,true,2026.05.26 05:50:00,2026.05.26 05:49:57,2026.05.26 11:19:57,XAUUSD,breakout_retest_family,breakout_retest,2026.05.26 05:50:00,WOULD_OPEN,EXPERIMENT_ONLY,SHORT,latest_swing_low,4529.75,4527.70,4533.13,4519.56,542.9900,NORMAL,EXECUTION_OK,CLOCK_OK,50.0000,entry_exit_proxy,50.0000,50.0000,5.0000,5.0000,110.0000,10.0000,0.3228,0.2026,0.1888,0.3090,fixed_notional_phase0_baseline,0.3228,0.1888,0.2026,0.3090,0.1202,NORMAL,false,true,BREAKOUT_RETEST_SHORT_DRY_RUN,PENDING,Offline Phase 3 experiment generated from blocked Phase 1 would-signal evidence.
PH3EXP00033,phase3-experimental-offline-v0,WS033,phase1-dry-run-v0.6,FAM00017,FAM00017,OBSERVER_DUPLICATE,false,2026.05.26 05:50:00,2026.05.26 05:49:57,2026.05.26 11:19:57,XAUUSD,breakout_retest_family,swing_breakout_retest_v0,2026.05.26 05:50:00,WOULD_OPEN,EXPERIMENT_ONLY,SHORT,latest_swing_low,4529.75,4527.70,4533.13,4519.56,542.9900,NORMAL,EXECUTION_OK,CLOCK_OK,50.0000,entry_exit_proxy,50.0000,50.0000,5.0000,5.0000,110.0000,10.0000,0.3228,0.2026,0.1888,0.3090,fixed_notional_phase0_baseline,0.3228,0.1888,0.2026,0.3090,0.1202,NORMAL,false,true,SWING_BREAKOUT_RETEST_SHORT_DRY_RUN,PENDING,Offline Phase 3 experiment generated from blocked Phase 1 would-signal evidence.
PH3EXP00034,phase3-experimental-offline-v0,WS034,phase1-dry-run-v0.6,FAM00018,FAM00018,PRIMARY_EXECUTION_CANDIDATE,true,2026.05.26 07:40:00,2026.05.26 07:39:57,2026.05.26 13:09:57,XAUUSD,breakout_retest_family,breakout_retest,2026.05.26 07:40:00,WOULD_OPEN,EXPERIMENT_ONLY,SHORT,latest_swing_low,4528.04,4522.83,4530.14,4511.87,730.5600,NORMAL,EXECUTION_OK,CLOCK_OK,50.0000,entry_exit_proxy,50.0000,50.0000,5.0000,5.0000,110.0000,10.0000,0.3228,0.1506,0.1888,0.3610,fixed_notional_phase0_baseline,0.3228,0.1888,0.1506,0.3610,0.1722,NORMAL,false,true,BREAKOUT_RETEST_SHORT_DRY_RUN,PENDING,Offline Phase 3 experiment generated from blocked Phase 1 would-signal evidence.
PH3EXP00035,phase3-experimental-offline-v0,WS035,phase1-dry-run-v0.6,FAM00018,FAM00018,OBSERVER_DUPLICATE,false,2026.05.26 07:40:00,2026.05.26 07:39:57,2026.05.26 13:09:57,XAUUSD,breakout_retest_family,swing_breakout_retest_v0,2026.05.26 07:40:00,WOULD_OPEN,EXPERIMENT_ONLY,SHORT,latest_swing_low,4528.04,4522.83,4530.14,4511.87,730.5600,NORMAL,EXECUTION_OK,CLOCK_OK,50.0000,entry_exit_proxy,50.0000,50.0000,5.0000,5.0000,110.0000,10.0000,0.3228,0.1506,0.1888,0.3610,fixed_notional_phase0_baseline,0.3228,0.1888,0.1506,0.3610,0.1722,NORMAL,false,true,SWING_BREAKOUT_RETEST_SHORT_DRY_RUN,PENDING,Offline Phase 3 experiment generated from blocked Phase 1 would-signal evidence.
PH3EXP00036,phase3-experimental-offline-v0,WS036,phase1-dry-run-v0.6,FAM00019,FAM00019,PRIMARY_EXECUTION_CANDIDATE,true,2026.05.26 08:30:00,2026.05.26 08:29:56,2026.05.26 13:59:56,XAUUSD,breakout_retest_family,breakout_retest,2026.05.26 08:30:00,WOULD_OPEN,EXPERIMENT_ONLY,SHORT,latest_swing_low,4528.04,4525.98,4530.32,4519.46,434.4400,NORMAL,EXECUTION_OK,CLOCK_OK,50.0000,entry_exit_proxy,50.0000,50.0000,5.0000,5.0000,110.0000,10.0000,0.3228,0.2532,0.1888,0.2584,fixed_notional_phase0_baseline,0.3228,0.1888,0.2532,0.2584,0.0696,NORMAL,false,true,BREAKOUT_RETEST_SHORT_DRY_RUN,PENDING,Offline Phase 3 experiment generated from blocked Phase 1 would-signal evidence.
PH3EXP00037,phase3-experimental-offline-v0,WS037,phase1-dry-run-v0.6,FAM00019,FAM00019,OBSERVER_DUPLICATE,false,2026.05.26 08:30:00,2026.05.26 08:29:56,2026.05.26 13:59:56,XAUUSD,breakout_retest_family,swing_breakout_retest_v0,2026.05.26 08:30:00,WOULD_OPEN,EXPERIMENT_ONLY,SHORT,latest_swing_low,4528.04,4525.98,4530.32,4519.46,434.4400,NORMAL,EXECUTION_OK,CLOCK_OK,50.0000,entry_exit_proxy,50.0000,50.0000,5.0000,5.0000,110.0000,10.0000,0.3228,0.2532,0.1888,0.2584,fixed_notional_phase0_baseline,0.3228,0.1888,0.2532,0.2584,0.0696,NORMAL,false,true,SWING_BREAKOUT_RETEST_SHORT_DRY_RUN,PENDING,Offline Phase 3 experiment generated from blocked Phase 1 would-signal evidence.
PH3EXP00038,phase3-experimental-offline-v0,WS038,phase1-dry-run-v0.6,FAM00020,FAM00020,PRIMARY_EXECUTION_CANDIDATE,true,2026.05.26 12:00:00,2026.05.26 12:00:00,2026.05.26 17:30:00,XAUUSD,breakout_retest_family,breakout_retest,2026.05.26 12:00:00,WOULD_OPEN,EXPERIMENT_ONLY,SHORT,latest_swing_low,4511.97,4510.47,4516.04,4502.11,557.4400,NORMAL,EXECUTION_OK,CLOCK_OK,75.0000,entry_exit_proxy,75.0000,75.0000,5.0000,5.0000,160.0000,10.0000,0.3228,0.2870,0.1888,0.2246,fixed_notional_phase0_baseline,0.3228,0.1888,0.2870,0.2246,0.0358,NORMAL,false,true,BREAKOUT_RETEST_SHORT_DRY_RUN,PENDING,Offline Phase 3 experiment generated from blocked Phase 1 would-signal evidence.
PH3EXP00039,phase3-experimental-offline-v0,WS039,phase1-dry-run-v0.6,FAM00020,FAM00020,OBSERVER_DUPLICATE,false,2026.05.26 12:00:00,2026.05.26 12:00:00,2026.05.26 17:30:00,XAUUSD,breakout_retest_family,swing_breakout_retest_v0,2026.05.26 12:00:00,WOULD_OPEN,EXPERIMENT_ONLY,SHORT,latest_swing_low,4511.97,4510.47,4516.04,4502.11,557.4400,NORMAL,EXECUTION_OK,CLOCK_OK,75.0000,entry_exit_proxy,75.0000,75.0000,5.0000,5.0000,160.0000,10.0000,0.3228,0.2870,0.1888,0.2246,fixed_notional_phase0_baseline,0.3228,0.1888,0.2870,0.2246,0.0358,NORMAL,false,true,SWING_BREAKOUT_RETEST_SHORT_DRY_RUN,PENDING,Offline Phase 3 experiment generated from blocked Phase 1 would-signal evidence.
PH3EXP00040,phase3-experimental-offline-v0,WS040,phase1-dry-run-v0.6,FAM00021,FAM00021,PRIMARY_EXECUTION_CANDIDATE,true,2026.05.26 12:15:00,2026.05.26 12:15:00,2026.05.26 17:45:00,XAUUSD,breakout_retest_family,breakout_retest,2026.05.26 12:15:00,WOULD_OPEN,EXPERIMENT_ONLY,SHORT,latest_swing_low,4511.97,4506.21,4512.59,4496.64,637.7400,NORMAL,EXECUTION_OK,CLOCK_OK,50.0000,entry_exit_proxy,50.0000,50.0000,5.0000,5.0000,110.0000,10.0000,0.3228,0.1725,0.1888,0.3391,fixed_notional_phase0_baseline,0.3228,0.1888,0.1725,0.3391,0.1503,NORMAL,false,true,BREAKOUT_RETEST_SHORT_DRY_RUN,PENDING,Offline Phase 3 experiment generated from blocked Phase 1 would-signal evidence.
PH3EXP00041,phase3-experimental-offline-v0,WS041,phase1-dry-run-v0.6,FAM00021,FAM00021,OBSERVER_DUPLICATE,false,2026.05.26 12:15:00,2026.05.26 12:15:00,2026.05.26 17:45:00,XAUUSD,breakout_retest_family,swing_breakout_retest_v0,2026.05.26 12:15:00,WOULD_OPEN,EXPERIMENT_ONLY,SHORT,latest_swing_low,4511.97,4506.21,4512.59,4496.64,637.7400,NORMAL,EXECUTION_OK,CLOCK_OK,50.0000,entry_exit_proxy,50.0000,50.0000,5.0000,5.0000,110.0000,10.0000,0.3228,0.1725,0.1888,0.3391,fixed_notional_phase0_baseline,0.3228,0.1888,0.1725,0.3391,0.1503,NORMAL,false,true,SWING_BREAKOUT_RETEST_SHORT_DRY_RUN,PENDING,Offline Phase 3 experiment generated from blocked Phase 1 would-signal evidence.
PH3EXP00042,phase3-experimental-offline-v0,WS042,phase1-dry-run-v0.6,FAM00022,FAM00022,PRIMARY_EXECUTION_CANDIDATE,true,2026.05.26 12:30:00,2026.05.26 12:30:00,2026.05.26 18:00:00,XAUUSD,breakout_retest_family,breakout_retest,2026.05.26 12:30:00,WOULD_OPEN,EXPERIMENT_ONLY,SHORT,latest_swing_low,4511.97,4507.95,4513.28,4499.96,532.6600,NORMAL,EXECUTION_OK,CLOCK_OK,50.0000,entry_exit_proxy,50.0000,50.0000,5.0000,5.0000,110.0000,10.0000,0.3228,0.2065,0.1888,0.3051,fixed_notional_phase0_baseline,0.3228,0.1888,0.2065,0.3051,0.1163,NORMAL,false,true,BREAKOUT_RETEST_SHORT_DRY_RUN,PENDING,Offline Phase 3 experiment generated from blocked Phase 1 would-signal evidence.
PH3EXP00043,phase3-experimental-offline-v0,WS043,phase1-dry-run-v0.6,FAM00022,FAM00022,OBSERVER_DUPLICATE,false,2026.05.26 12:30:00,2026.05.26 12:30:00,2026.05.26 18:00:00,XAUUSD,breakout_retest_family,swing_breakout_retest_v0,2026.05.26 12:30:00,WOULD_OPEN,EXPERIMENT_ONLY,SHORT,latest_swing_low,4511.97,4507.95,4513.28,4499.96,532.6600,NORMAL,EXECUTION_OK,CLOCK_OK,50.0000,entry_exit_proxy,50.0000,50.0000,5.0000,5.0000,110.0000,10.0000,0.3228,0.2065,0.1888,0.3051,fixed_notional_phase0_baseline,0.3228,0.1888,0.2065,0.3051,0.1163,NORMAL,false,true,SWING_BREAKOUT_RETEST_SHORT_DRY_RUN,PENDING,Offline Phase 3 experiment generated from blocked Phase 1 would-signal evidence.
PH3EXP00044,phase3-experimental-offline-v0,WS044,phase1-dry-run-v0.6,FAM00023,FAM00023,PRIMARY_EXECUTION_CANDIDATE,true,2026.05.26 13:20:00,2026.05.26 13:20:00,2026.05.26 18:50:00,XAUUSD,breakout_retest_family,breakout_retest,2026.05.26 13:20:00,WOULD_OPEN,EXPERIMENT_ONLY,LONG,latest_swing_high,4515.76,4522.42,4515.02,4533.53,740.4900,NORMAL,EXECUTION_OK,CLOCK_OK,50.0000,entry_exit_proxy,50.0000,50.0000,5.0000,5.0000,110.0000,10.0000,0.3228,0.1486,0.1888,0.3630,fixed_notional_phase0_baseline,0.3228,0.1888,0.1486,0.3630,0.1742,NORMAL,false,true,BREAKOUT_RETEST_LONG_DRY_RUN,PENDING,Offline Phase 3 experiment generated from blocked Phase 1 would-signal evidence.
PH3EXP00045,phase3-experimental-offline-v0,WS045,phase1-dry-run-v0.6,FAM00023,FAM00023,OBSERVER_DUPLICATE,false,2026.05.26 13:20:00,2026.05.26 13:20:00,2026.05.26 18:50:00,XAUUSD,breakout_retest_family,swing_breakout_retest_v0,2026.05.26 13:20:00,WOULD_OPEN,EXPERIMENT_ONLY,LONG,latest_swing_high,4515.76,4522.42,4515.02,4533.53,740.4900,NORMAL,EXECUTION_OK,CLOCK_OK,50.0000,entry_exit_proxy,50.0000,50.0000,5.0000,5.0000,110.0000,10.0000,0.3228,0.1486,0.1888,0.3630,fixed_notional_phase0_baseline,0.3228,0.1888,0.1486,0.3630,0.1742,NORMAL,false,true,SWING_BREAKOUT_RETEST_LONG_DRY_RUN,PENDING,Offline Phase 3 experiment generated from blocked Phase 1 would-signal evidence.
PH3EXP00046,phase3-experimental-offline-v0,WS046,phase1-dry-run-v0.6,FAM00024,FAM00024,PRIMARY_EXECUTION_CANDIDATE,true,2026.05.26 14:15:00,2026.05.26 14:14:59,2026.05.26 19:44:59,XAUUSD,breakout_retest_family,breakout_retest,2026.05.26 14:15:00,WOULD_OPEN,EXPERIMENT_ONLY,SHORT,latest_swing_low,4515.71,4514.70,4520.85,4505.48,614.7200,NORMAL,EXECUTION_OK,CLOCK_OK,50.0000,entry_exit_proxy,50.0000,50.0000,5.0000,5.0000,110.0000,10.0000,0.3228,0.1789,0.1888,0.3327,fixed_notional_phase0_baseline,0.3228,0.1888,0.1789,0.3327,0.1439,NORMAL,false,true,BREAKOUT_RETEST_SHORT_DRY_RUN,PENDING,Offline Phase 3 experiment generated from blocked Phase 1 would-signal evidence.
PH3EXP00047,phase3-experimental-offline-v0,WS047,phase1-dry-run-v0.6,FAM00024,FAM00024,OBSERVER_DUPLICATE,false,2026.05.26 14:15:00,2026.05.26 14:14:59,2026.05.26 19:44:59,XAUUSD,breakout_retest_family,swing_breakout_retest_v0,2026.05.26 14:15:00,WOULD_OPEN,EXPERIMENT_ONLY,SHORT,latest_swing_low,4515.71,4514.70,4520.85,4505.48,614.7200,NORMAL,EXECUTION_OK,CLOCK_OK,50.0000,entry_exit_proxy,50.0000,50.0000,5.0000,5.0000,110.0000,10.0000,0.3228,0.1789,0.1888,0.3327,fixed_notional_phase0_baseline,0.3228,0.1888,0.1789,0.3327,0.1439,NORMAL,false,true,SWING_BREAKOUT_RETEST_SHORT_DRY_RUN,PENDING,Offline Phase 3 experiment generated from blocked Phase 1 would-signal evidence.
PH3EXP00048,phase3-experimental-offline-v0,WS048,phase1-dry-run-v0.6,FAM00025,FAM00025,PRIMARY_EXECUTION_CANDIDATE,true,2026.05.26 14:30:00,2026.05.26 14:29:59,2026.05.26 19:59:59,XAUUSD,breakout_retest_family,breakout_retest,2026.05.26 14:30:00,WOULD_OPEN,EXPERIMENT_ONLY,LONG,latest_swing_high,4515.76,4517.25,4511.57,4525.76,567.5800,NORMAL,EXECUTION_OK,CLOCK_OK,50.0000,entry_exit_proxy,50.0000,50.0000,5.0000,5.0000,110.0000,10.0000,0.3228,0.1938,0.1888,0.3178,fixed_notional_phase0_baseline,0.3228,0.1888,0.1938,0.3178,0.1290,NORMAL,false,true,BREAKOUT_RETEST_LONG_DRY_RUN,PENDING,Offline Phase 3 experiment generated from blocked Phase 1 would-signal evidence.
PH3EXP00049,phase3-experimental-offline-v0,WS049,phase1-dry-run-v0.6,FAM00025,FAM00025,OBSERVER_DUPLICATE,false,2026.05.26 14:30:00,2026.05.26 14:29:59,2026.05.26 19:59:59,XAUUSD,breakout_retest_family,swing_breakout_retest_v0,2026.05.26 14:30:00,WOULD_OPEN,EXPERIMENT_ONLY,LONG,latest_swing_high,4515.76,4517.25,4511.57,4525.76,567.5800,NORMAL,EXECUTION_OK,CLOCK_OK,50.0000,entry_exit_proxy,50.0000,50.0000,5.0000,5.0000,110.0000,10.0000,0.3228,0.1938,0.1888,0.3178,fixed_notional_phase0_baseline,0.3228,0.1888,0.1938,0.3178,0.1290,NORMAL,false,true,SWING_BREAKOUT_RETEST_LONG_DRY_RUN,PENDING,Offline Phase 3 experiment generated from blocked Phase 1 would-signal evidence.
PH3EXP00050,phase3-experimental-offline-v0,WS050,phase1-dry-run-v0.6,FAM00026,FAM00026,PRIMARY_EXECUTION_CANDIDATE,true,2026.05.26 15:00:00,2026.05.26 14:59:59,2026.05.26 20:29:59,XAUUSD,breakout_retest_family,breakout_retest,2026.05.26 15:00:00,WOULD_OPEN,EXPERIMENT_ONLY,SHORT,latest_swing_low,4515.71,4515.46,4519.95,4508.73,448.5300,NORMAL,EXECUTION_OK,CLOCK_OK,50.0000,entry_exit_proxy,50.0000,50.0000,5.0000,5.0000,110.0000,10.0000,0.3228,0.2452,0.1888,0.2664,fixed_notional_phase0_baseline,0.3228,0.1888,0.2452,0.2664,0.0776,NORMAL,false,true,BREAKOUT_RETEST_SHORT_DRY_RUN,PENDING,Offline Phase 3 experiment generated from blocked Phase 1 would-signal evidence.
PH3EXP00051,phase3-experimental-offline-v0,WS051,phase1-dry-run-v0.6,FAM00026,FAM00026,OBSERVER_DUPLICATE,false,2026.05.26 15:00:00,2026.05.26 14:59:59,2026.05.26 20:29:59,XAUUSD,breakout_retest_family,swing_breakout_retest_v0,2026.05.26 15:00:00,WOULD_OPEN,EXPERIMENT_ONLY,SHORT,latest_swing_low,4515.71,4515.46,4519.95,4508.73,448.5300,NORMAL,EXECUTION_OK,CLOCK_OK,50.0000,entry_exit_proxy,50.0000,50.0000,5.0000,5.0000,110.0000,10.0000,0.3228,0.2452,0.1888,0.2664,fixed_notional_phase0_baseline,0.3228,0.1888,0.2452,0.2664,0.0776,NORMAL,false,true,SWING_BREAKOUT_RETEST_SHORT_DRY_RUN,PENDING,Offline Phase 3 experiment generated from blocked Phase 1 would-signal evidence.
PH3EXP00052,phase3-experimental-offline-v0,WS052,phase1-dry-run-v0.6,FAM00027,FAM00027,PRIMARY_EXECUTION_CANDIDATE,true,2026.05.26 15:05:01,2026.05.26 15:05:00,2026.05.26 20:35:00,XAUUSD,breakout_retest_family,breakout_retest,2026.05.26 15:05:00,WOULD_OPEN,EXPERIMENT_ONLY,SHORT,latest_swing_low,4515.71,4512.45,4516.62,4506.19,417.2300,NORMAL,EXECUTION_OK,CLOCK_OK,50.0000,entry_exit_proxy,50.0000,50.0000,5.0000,5.0000,110.0000,10.0000,0.3228,0.2636,0.1888,0.2480,fixed_notional_phase0_baseline,0.3228,0.1888,0.2636,0.2480,0.0592,NORMAL,false,true,BREAKOUT_RETEST_SHORT_DRY_RUN,PENDING,Offline Phase 3 experiment generated from blocked Phase 1 would-signal evidence.
PH3EXP00053,phase3-experimental-offline-v0,WS053,phase1-dry-run-v0.6,FAM00027,FAM00027,OBSERVER_DUPLICATE,false,2026.05.26 15:05:01,2026.05.26 15:05:00,2026.05.26 20:35:00,XAUUSD,breakout_retest_family,swing_breakout_retest_v0,2026.05.26 15:05:00,WOULD_OPEN,EXPERIMENT_ONLY,SHORT,latest_swing_low,4515.71,4512.45,4516.62,4506.19,417.2300,NORMAL,EXECUTION_OK,CLOCK_OK,50.0000,entry_exit_proxy,50.0000,50.0000,5.0000,5.0000,110.0000,10.0000,0.3228,0.2636,0.1888,0.2480,fixed_notional_phase0_baseline,0.3228,0.1888,0.2636,0.2480,0.0592,NORMAL,false,true,SWING_BREAKOUT_RETEST_SHORT_DRY_RUN,PENDING,Offline Phase 3 experiment generated from blocked Phase 1 would-signal evidence.
PH3EXP00054,phase3-experimental-offline-v0,WS054,phase1-dry-run-v0.6,FAM00028,FAM00028,PRIMARY_EXECUTION_CANDIDATE,true,2026.05.26 15:35:00,2026.05.26 15:34:59,2026.05.26 21:04:59,XAUUSD,breakout_retest_family,breakout_retest,2026.05.26 15:35:00,WOULD_OPEN,EXPERIMENT_ONLY,SHORT,latest_swing_low,4507.59,4504.70,4508.69,4498.72,398.5200,NORMAL,EXECUTION_OK,CLOCK_OK,50.0000,entry_exit_proxy,50.0000,50.0000,5.0000,5.0000,110.0000,10.0000,0.3228,0.2760,0.1888,0.2356,fixed_notional_phase0_baseline,0.3228,0.1888,0.2760,0.2356,0.0468,NORMAL,false,true,BREAKOUT_RETEST_SHORT_DRY_RUN,PENDING,Offline Phase 3 experiment generated from blocked Phase 1 would-signal evidence.
PH3EXP00055,phase3-experimental-offline-v0,WS055,phase1-dry-run-v0.6,FAM00028,FAM00028,OBSERVER_DUPLICATE,false,2026.05.26 15:35:00,2026.05.26 15:34:59,2026.05.26 21:04:59,XAUUSD,breakout_retest_family,swing_breakout_retest_v0,2026.05.26 15:35:00,WOULD_OPEN,EXPERIMENT_ONLY,SHORT,latest_swing_low,4507.59,4504.70,4508.69,4498.72,398.5200,NORMAL,EXECUTION_OK,CLOCK_OK,50.0000,entry_exit_proxy,50.0000,50.0000,5.0000,5.0000,110.0000,10.0000,0.3228,0.2760,0.1888,0.2356,fixed_notional_phase0_baseline,0.3228,0.1888,0.2760,0.2356,0.0468,NORMAL,false,true,SWING_BREAKOUT_RETEST_SHORT_DRY_RUN,PENDING,Offline Phase 3 experiment generated from blocked Phase 1 would-signal evidence.
PH3EXP00056,phase3-experimental-offline-v0,WS056,phase1-dry-run-v0.6,FAM00029,FAM00029,PRIMARY_EXECUTION_CANDIDATE,true,2026.05.26 16:05:00,2026.05.26 16:04:59,2026.05.26 21:34:59,XAUUSD,breakout_retest_family,breakout_retest,2026.05.26 16:05:00,WOULD_OPEN,EXPERIMENT_ONLY,SHORT,latest_swing_low,4507.59,4505.95,4509.94,4499.96,399.4600,NORMAL,EXECUTION_OK,CLOCK_OK,50.0000,entry_exit_proxy,50.0000,50.0000,5.0000,5.0000,110.0000,10.0000,0.3228,0.2754,0.1888,0.2362,fixed_notional_phase0_baseline,0.3228,0.1888,0.2754,0.2362,0.0474,NORMAL,false,true,BREAKOUT_RETEST_SHORT_DRY_RUN,PENDING,Offline Phase 3 experiment generated from blocked Phase 1 would-signal evidence.
PH3EXP00057,phase3-experimental-offline-v0,WS057,phase1-dry-run-v0.6,FAM00029,FAM00029,OBSERVER_DUPLICATE,false,2026.05.26 16:05:00,2026.05.26 16:04:59,2026.05.26 21:34:59,XAUUSD,breakout_retest_family,swing_breakout_retest_v0,2026.05.26 16:05:00,WOULD_OPEN,EXPERIMENT_ONLY,SHORT,latest_swing_low,4507.59,4505.95,4509.94,4499.96,399.4600,NORMAL,EXECUTION_OK,CLOCK_OK,50.0000,entry_exit_proxy,50.0000,50.0000,5.0000,5.0000,110.0000,10.0000,0.3228,0.2754,0.1888,0.2362,fixed_notional_phase0_baseline,0.3228,0.1888,0.2754,0.2362,0.0474,NORMAL,false,true,SWING_BREAKOUT_RETEST_SHORT_DRY_RUN,PENDING,Offline Phase 3 experiment generated from blocked Phase 1 would-signal evidence.
PH3EXP00058,phase3-experimental-offline-v0,WS058,phase1-dry-run-v0.6,FAM00030,FAM00030,PRIMARY_EXECUTION_CANDIDATE,true,2026.05.26 16:10:00,2026.05.26 16:09:59,2026.05.26 21:39:59,XAUUSD,breakout_retest_family,breakout_retest,2026.05.26 16:10:00,WOULD_OPEN,EXPERIMENT_ONLY,SHORT,latest_swing_low,4507.59,4505.20,4508.77,4499.85,356.9100,NORMAL,EXECUTION_OK,CLOCK_OK,50.0000,entry_exit_proxy,50.0000,50.0000,5.0000,5.0000,110.0000,10.0000,0.3228,0.3082,0.1888,0.2034,fixed_notional_phase0_baseline,0.3228,0.1888,0.3082,0.2034,0.0146,NORMAL,false,true,BREAKOUT_RETEST_SHORT_DRY_RUN,PENDING,Offline Phase 3 experiment generated from blocked Phase 1 would-signal evidence.
PH3EXP00059,phase3-experimental-offline-v0,WS059,phase1-dry-run-v0.6,FAM00030,FAM00030,OBSERVER_DUPLICATE,false,2026.05.26 16:10:00,2026.05.26 16:09:59,2026.05.26 21:39:59,XAUUSD,breakout_retest_family,swing_breakout_retest_v0,2026.05.26 16:10:00,WOULD_OPEN,EXPERIMENT_ONLY,SHORT,latest_swing_low,4507.59,4505.20,4508.77,4499.85,356.9100,NORMAL,EXECUTION_OK,CLOCK_OK,50.0000,entry_exit_proxy,50.0000,50.0000,5.0000,5.0000,110.0000,10.0000,0.3228,0.3082,0.1888,0.2034,fixed_notional_phase0_baseline,0.3228,0.1888,0.3082,0.2034,0.0146,NORMAL,false,true,SWING_BREAKOUT_RETEST_SHORT_DRY_RUN,PENDING,Offline Phase 3 experiment generated from blocked Phase 1 would-signal evidence.
PH3EXP00060,phase3-experimental-offline-v0,WS060,phase1-dry-run-v0.6,FAM00031,FAM00031,PRIMARY_EXECUTION_CANDIDATE,true,2026.05.26 16:50:00,2026.05.26 16:49:59,2026.05.26 22:19:59,XAUUSD,breakout_retest_family,breakout_retest,2026.05.26 16:50:00,WOULD_OPEN,EXPERIMENT_ONLY,SHORT,latest_swing_low,4507.59,4505.97,4509.09,4501.29,312.0200,NORMAL,EXECUTION_OK,CLOCK_OK,50.0000,entry_exit_proxy,50.0000,50.0000,5.0000,5.0000,110.0000,10.0000,0.3228,0.3525,0.1888,0.1591,fixed_notional_phase0_baseline,0.3228,0.1888,0.3525,0.1591,-0.0297,COST_WATCH,false,true,BREAKOUT_RETEST_SHORT_DRY_RUN,PENDING,Offline Phase 3 experiment generated from blocked Phase 1 would-signal evidence.
PH3EXP00061,phase3-experimental-offline-v0,WS061,phase1-dry-run-v0.6,FAM00031,FAM00031,OBSERVER_DUPLICATE,false,2026.05.26 16:50:00,2026.05.26 16:49:59,2026.05.26 22:19:59,XAUUSD,breakout_retest_family,swing_breakout_retest_v0,2026.05.26 16:50:00,WOULD_OPEN,EXPERIMENT_ONLY,SHORT,latest_swing_low,4507.59,4505.97,4509.09,4501.29,312.0200,NORMAL,EXECUTION_OK,CLOCK_OK,50.0000,entry_exit_proxy,50.0000,50.0000,5.0000,5.0000,110.0000,10.0000,0.3228,0.3525,0.1888,0.1591,fixed_notional_phase0_baseline,0.3228,0.1888,0.3525,0.1591,-0.0297,COST_WATCH,false,true,SWING_BREAKOUT_RETEST_SHORT_DRY_RUN,PENDING,Offline Phase 3 experiment generated from blocked Phase 1 would-signal evidence.
PH3EXP00062,phase3-experimental-offline-v0,WS064,phase1-dry-run-v0.6,FAM00032,FAM00032,PRIMARY_EXECUTION_CANDIDATE,true,2026.05.26 22:20:00,2026.05.26 22:19:58,2026.05.27 03:49:58,XAUUSD,breakout_retest_family,breakout_retest,2026.05.26 22:20:00,WOULD_OPEN,EXPERIMENT_ONLY,LONG,latest_swing_high,4504.51,4510.11,4500.06,4525.19,1005.3400,NORMAL,EXECUTION_OK,CLOCK_OK,75.0000,entry_exit_proxy,75.0000,75.0000,5.0000,5.0000,160.0000,10.0000,0.3228,0.1592,0.1888,0.3524,fixed_notional_phase0_baseline,0.3228,0.1888,0.1592,0.3524,0.1636,NORMAL,false,true,BREAKOUT_RETEST_LONG_DRY_RUN,PENDING,Offline Phase 3 experiment generated from blocked Phase 1 would-signal evidence.
PH3EXP00063,phase3-experimental-offline-v0,WS065,phase1-dry-run-v0.6,FAM00032,FAM00032,OBSERVER_DUPLICATE,false,2026.05.26 22:20:00,2026.05.26 22:19:58,2026.05.27 03:49:58,XAUUSD,breakout_retest_family,swing_breakout_retest_v0,2026.05.26 22:20:00,WOULD_OPEN,EXPERIMENT_ONLY,LONG,latest_swing_high,4504.51,4510.11,4500.06,4525.19,1005.3400,NORMAL,EXECUTION_OK,CLOCK_OK,75.0000,entry_exit_proxy,75.0000,75.0000,5.0000,5.0000,160.0000,10.0000,0.3228,0.1592,0.1888,0.3524,fixed_notional_phase0_baseline,0.3228,0.1888,0.1592,0.3524,0.1636,NORMAL,false,true,SWING_BREAKOUT_RETEST_LONG_DRY_RUN,PENDING,Offline Phase 3 experiment generated from blocked Phase 1 would-signal evidence.
PH3EXP00064,phase3-experimental-offline-v0,WS066,phase1-dry-run-v0.6,FAM00033,FAM00033,PRIMARY_EXECUTION_CANDIDATE,true,2026.05.27 01:15:01,2026.05.27 01:14:58,2026.05.27 06:44:58,XAUUSD,breakout_retest_family,breakout_retest,2026.05.27 01:15:00,WOULD_OPEN,EXPERIMENT_ONLY,LONG,latest_swing_high,4513.55,4517.33,4512.05,4525.26,528.5000,NORMAL,EXECUTION_OK,CLOCK_OK,75.0000,entry_exit_proxy,75.0000,75.0000,5.0000,5.0000,160.0000,10.0000,0.3228,0.3027,0.1888,0.2089,fixed_notional_phase0_baseline,0.3228,0.1888,0.3027,0.2089,0.0201,NORMAL,false,true,BREAKOUT_RETEST_LONG_DRY_RUN,PENDING,Offline Phase 3 experiment generated from blocked Phase 1 would-signal evidence.
PH3EXP00065,phase3-experimental-offline-v0,WS067,phase1-dry-run-v0.6,FAM00033,FAM00033,OBSERVER_DUPLICATE,false,2026.05.27 01:15:01,2026.05.27 01:14:58,2026.05.27 06:44:58,XAUUSD,breakout_retest_family,swing_breakout_retest_v0,2026.05.27 01:15:00,WOULD_OPEN,EXPERIMENT_ONLY,LONG,latest_swing_high,4513.55,4517.33,4512.05,4525.26,528.5000,NORMAL,EXECUTION_OK,CLOCK_OK,75.0000,entry_exit_proxy,75.0000,75.0000,5.0000,5.0000,160.0000,10.0000,0.3228,0.3027,0.1888,0.2089,fixed_notional_phase0_baseline,0.3228,0.1888,0.3027,0.2089,0.0201,NORMAL,false,true,SWING_BREAKOUT_RETEST_LONG_DRY_RUN,PENDING,Offline Phase 3 experiment generated from blocked Phase 1 would-signal evidence.
PH3EXP00066,phase3-experimental-offline-v0,WS068,phase1-dry-run-v0.6,FAM00034,FAM00034,PRIMARY_EXECUTION_CANDIDATE,true,2026.05.27 06:05:00,2026.05.27 06:04:56,2026.05.27 11:34:56,XAUUSD,breakout_retest_family,breakout_retest,2026.05.27 06:05:00,WOULD_OPEN,EXPERIMENT_ONLY,SHORT,latest_swing_low,4497.68,4496.22,4500.36,4490.01,413.7600,NORMAL,EXECUTION_OK,CLOCK_OK,75.0000,entry_exit_proxy,75.0000,75.0000,5.0000,5.0000,160.0000,10.0000,0.3228,0.3867,0.1888,0.1249,fixed_notional_phase0_baseline,0.3228,0.1888,0.3867,0.1249,-0.0639,SUSPEND_FAMILY,false,true,BREAKOUT_RETEST_SHORT_DRY_RUN,PENDING,Offline Phase 3 experiment generated from blocked Phase 1 would-signal evidence.
PH3EXP00067,phase3-experimental-offline-v0,WS069,phase1-dry-run-v0.6,FAM00034,FAM00034,OBSERVER_DUPLICATE,false,2026.05.27 06:05:00,2026.05.27 06:04:56,2026.05.27 11:34:56,XAUUSD,breakout_retest_family,swing_breakout_retest_v0,2026.05.27 06:05:00,WOULD_OPEN,EXPERIMENT_ONLY,SHORT,latest_swing_low,4497.68,4496.22,4500.36,4490.01,413.7600,NORMAL,EXECUTION_OK,CLOCK_OK,75.0000,entry_exit_proxy,75.0000,75.0000,5.0000,5.0000,160.0000,10.0000,0.3228,0.3867,0.1888,0.1249,fixed_notional_phase0_baseline,0.3228,0.1888,0.3867,0.1249,-0.0639,SUSPEND_FAMILY,false,true,SWING_BREAKOUT_RETEST_SHORT_DRY_RUN,PENDING,Offline Phase 3 experiment generated from blocked Phase 1 would-signal evidence.
PH3EXP00068,phase3-experimental-offline-v0,WS070,phase1-dry-run-v0.6,FAM00035,,PRIMARY_EXECUTION_CANDIDATE,true,2026.05.27 07:55:00,2026.05.27 07:54:56,2026.05.27 13:24:56,XAUUSD,breakout_retest_family,breakout_retest,2026.05.27 07:55:00,WOULD_OPEN,EXPERIMENT_ONLY,SHORT,previous_daily_low,4482.54,4477.70,4484.29,4467.81,659.3700,NORMAL,EXECUTION_OK,CLOCK_OK,75.0000,entry_exit_proxy,75.0000,75.0000,5.0000,5.0000,160.0000,10.0000,0.3228,0.2427,0.1888,0.2689,fixed_notional_phase0_baseline,0.3228,0.1888,0.2427,0.2689,0.0801,NORMAL,false,true,BREAKOUT_RETEST_SHORT_DRY_RUN,PENDING,Offline Phase 3 experiment generated from blocked Phase 1 would-signal evidence.
PH3EXP00069,phase3-experimental-offline-v0,WS071,phase1-dry-run-v0.6,FAM00036,FAM00036,PRIMARY_EXECUTION_CANDIDATE,true,2026.05.27 08:45:00,2026.05.27 08:44:56,2026.05.27 14:14:56,XAUUSD,breakout_retest_family,breakout_retest,2026.05.27 08:45:00,WOULD_OPEN,EXPERIMENT_ONLY,LONG,latest_swing_high,4489.04,4492.69,4487.80,4500.02,488.5400,NORMAL,EXECUTION_OK,CLOCK_OK,50.0000,entry_exit_proxy,50.0000,50.0000,5.0000,5.0000,110.0000,10.0000,0.3228,0.2252,0.1888,0.2864,fixed_notional_phase0_baseline,0.3228,0.1888,0.2252,0.2864,0.0976,NORMAL,false,true,BREAKOUT_RETEST_LONG_DRY_RUN,PENDING,Offline Phase 3 experiment generated from blocked Phase 1 would-signal evidence.
PH3EXP00070,phase3-experimental-offline-v0,WS072,phase1-dry-run-v0.6,FAM00036,FAM00036,OBSERVER_DUPLICATE,false,2026.05.27 08:45:00,2026.05.27 08:44:56,2026.05.27 14:14:56,XAUUSD,breakout_retest_family,swing_breakout_retest_v0,2026.05.27 08:45:00,WOULD_OPEN,EXPERIMENT_ONLY,LONG,latest_swing_high,4489.04,4492.69,4487.80,4500.02,488.5400,NORMAL,EXECUTION_OK,CLOCK_OK,50.0000,entry_exit_proxy,50.0000,50.0000,5.0000,5.0000,110.0000,10.0000,0.3228,0.2252,0.1888,0.2864,fixed_notional_phase0_baseline,0.3228,0.1888,0.2252,0.2864,0.0976,NORMAL,false,true,SWING_BREAKOUT_RETEST_LONG_DRY_RUN,PENDING,Offline Phase 3 experiment generated from blocked Phase 1 would-signal evidence.
PH3EXP00071,phase3-experimental-offline-v0,WS073,phase1-dry-run-v0.6,FAM00037,FAM00037,PRIMARY_EXECUTION_CANDIDATE,true,2026.05.27 09:15:00,2026.05.27 09:14:56,2026.05.27 14:44:56,XAUUSD,breakout_retest_family,breakout_retest,2026.05.27 09:15:00,WOULD_OPEN,EXPERIMENT_ONLY,LONG,latest_swing_high,4489.04,4492.27,4488.02,4498.64,424.5400,NORMAL,EXECUTION_OK,CLOCK_OK,50.0000,entry_exit_proxy,50.0000,50.0000,5.0000,5.0000,110.0000,10.0000,0.3228,0.2591,0.1888,0.2525,fixed_notional_phase0_baseline,0.3228,0.1888,0.2591,0.2525,0.0637,NORMAL,false,true,BREAKOUT_RETEST_LONG_DRY_RUN,PENDING,Offline Phase 3 experiment generated from blocked Phase 1 would-signal evidence.
PH3EXP00072,phase3-experimental-offline-v0,WS074,phase1-dry-run-v0.6,FAM00037,FAM00037,OBSERVER_DUPLICATE,false,2026.05.27 09:15:00,2026.05.27 09:14:56,2026.05.27 14:44:56,XAUUSD,breakout_retest_family,swing_breakout_retest_v0,2026.05.27 09:15:00,WOULD_OPEN,EXPERIMENT_ONLY,LONG,latest_swing_high,4489.04,4492.27,4488.02,4498.64,424.5400,NORMAL,EXECUTION_OK,CLOCK_OK,50.0000,entry_exit_proxy,50.0000,50.0000,5.0000,5.0000,110.0000,10.0000,0.3228,0.2591,0.1888,0.2525,fixed_notional_phase0_baseline,0.3228,0.1888,0.2591,0.2525,0.0637,NORMAL,false,true,SWING_BREAKOUT_RETEST_LONG_DRY_RUN,PENDING,Offline Phase 3 experiment generated from blocked Phase 1 would-signal evidence.
PH3EXP00073,phase3-experimental-offline-v0,WS075,phase1-dry-run-v0.6,FAM00038,FAM00038,PRIMARY_EXECUTION_CANDIDATE,true,2026.05.27 09:40:00,2026.05.27 09:39:56,2026.05.27 15:09:56,XAUUSD,breakout_retest_family,breakout_retest,2026.05.27 09:40:00,WOULD_OPEN,EXPERIMENT_ONLY,LONG,latest_swing_high,4489.04,4490.62,4486.31,4497.08,430.6400,NORMAL,EXECUTION_OK,CLOCK_OK,50.0000,entry_exit_proxy,50.0000,50.0000,5.0000,5.0000,110.0000,10.0000,0.3228,0.2554,0.1888,0.2562,fixed_notional_phase0_baseline,0.3228,0.1888,0.2554,0.2562,0.0674,NORMAL,false,true,BREAKOUT_RETEST_LONG_DRY_RUN,PENDING,Offline Phase 3 experiment generated from blocked Phase 1 would-signal evidence.
PH3EXP00074,phase3-experimental-offline-v0,WS076,phase1-dry-run-v0.6,FAM00038,FAM00038,OBSERVER_DUPLICATE,false,2026.05.27 09:40:00,2026.05.27 09:39:56,2026.05.27 15:09:56,XAUUSD,breakout_retest_family,swing_breakout_retest_v0,2026.05.27 09:40:00,WOULD_OPEN,EXPERIMENT_ONLY,LONG,latest_swing_high,4489.04,4490.62,4486.31,4497.08,430.6400,NORMAL,EXECUTION_OK,CLOCK_OK,50.0000,entry_exit_proxy,50.0000,50.0000,5.0000,5.0000,110.0000,10.0000,0.3228,0.2554,0.1888,0.2562,fixed_notional_phase0_baseline,0.3228,0.1888,0.2554,0.2562,0.0674,NORMAL,false,true,SWING_BREAKOUT_RETEST_LONG_DRY_RUN,PENDING,Offline Phase 3 experiment generated from blocked Phase 1 would-signal evidence.
PH3EXP00075,phase3-experimental-offline-v0,WS077,phase1-dry-run-v0.6,FAM00039,FAM00039,PRIMARY_EXECUTION_CANDIDATE,true,2026.05.27 09:55:03,2026.05.27 09:54:59,2026.05.27 15:24:59,XAUUSD,breakout_retest_family,breakout_retest,2026.05.27 09:55:00,WOULD_OPEN,EXPERIMENT_ONLY,LONG,latest_swing_high,4489.04,4489.79,4487.67,4492.97,211.6700,NORMAL,EXECUTION_OK,CLOCK_OK,50.0000,entry_exit_proxy,50.0000,50.0000,5.0000,5.0000,110.0000,10.0000,0.3228,0.5197,0.1888,-0.0081,fixed_notional_phase0_baseline,0.3228,0.1888,0.5197,-0.0081,-0.1969,SUSPEND_FAMILY,false,true,BREAKOUT_RETEST_LONG_DRY_RUN,PENDING,Offline Phase 3 experiment generated from blocked Phase 1 would-signal evidence.
PH3EXP00076,phase3-experimental-offline-v0,WS078,phase1-dry-run-v0.6,FAM00039,FAM00039,OBSERVER_DUPLICATE,false,2026.05.27 09:55:03,2026.05.27 09:54:59,2026.05.27 15:24:59,XAUUSD,breakout_retest_family,swing_breakout_retest_v0,2026.05.27 09:55:00,WOULD_OPEN,EXPERIMENT_ONLY,LONG,latest_swing_high,4489.04,4489.79,4487.67,4492.97,211.6700,NORMAL,EXECUTION_OK,CLOCK_OK,50.0000,entry_exit_proxy,50.0000,50.0000,5.0000,5.0000,110.0000,10.0000,0.3228,0.5197,0.1888,-0.0081,fixed_notional_phase0_baseline,0.3228,0.1888,0.5197,-0.0081,-0.1969,SUSPEND_FAMILY,false,true,SWING_BREAKOUT_RETEST_LONG_DRY_RUN,PENDING,Offline Phase 3 experiment generated from blocked Phase 1 would-signal evidence.
PH3EXP00077,phase3-experimental-offline-v0,WS079,phase1-dry-run-v0.7,FAM00040,FAM00040,PRIMARY_EXECUTION_CANDIDATE,true,2026.05.27 11:55:00,2026.05.27 11:55:00,2026.05.27 17:25:00,XAUUSD,breakout_retest_family,breakout_retest,2026.05.27 11:55:00,WOULD_OPEN,EXPERIMENT_ONLY,SHORT,latest_swing_low,4442.48,4438.79,4445.41,4428.86,662.2600,NORMAL,EXECUTION_OK,CLOCK_OK,50.0000,entry_exit_proxy,50.0000,50.0000,5.0000,5.0000,110.0000,10.0000,0.3228,0.1661,0.1888,0.3455,fixed_notional_phase0_baseline,0.3228,0.1888,0.1661,0.3455,0.1567,NORMAL,false,true,BREAKOUT_RETEST_SHORT_DRY_RUN,PENDING,Offline Phase 3 experiment generated from blocked Phase 1 would-signal evidence.
PH3EXP00078,phase3-experimental-offline-v0,WS080,phase1-dry-run-v0.7,FAM00040,FAM00040,OBSERVER_DUPLICATE,false,2026.05.27 11:55:00,2026.05.27 11:55:00,2026.05.27 17:25:00,XAUUSD,breakout_retest_family,swing_breakout_retest_v0,2026.05.27 11:55:00,WOULD_OPEN,EXPERIMENT_ONLY,SHORT,latest_swing_low,4442.48,4438.79,4445.41,4428.86,662.2600,NORMAL,EXECUTION_OK,CLOCK_OK,50.0000,entry_exit_proxy,50.0000,50.0000,5.0000,5.0000,110.0000,10.0000,0.3228,0.1661,0.1888,0.3455,fixed_notional_phase0_baseline,0.3228,0.1888,0.1661,0.3455,0.1567,NORMAL,false,true,SWING_BREAKOUT_RETEST_SHORT_DRY_RUN,PENDING,Offline Phase 3 experiment generated from blocked Phase 1 would-signal evidence.
PH3EXP00079,phase3-experimental-offline-v0,WS081,phase1-dry-run-v0.7,FAM00041,,PRIMARY_EXECUTION_CANDIDATE,true,2026.05.27 12:45:00,2026.05.27 12:45:00,2026.05.27 18:15:00,XAUUSD,breakout_retest_family,breakout_retest,2026.05.27 12:45:00,WOULD_OPEN,EXPERIMENT_ONLY,SHORT,previous_weekly_low,4453.16,4444.51,4454.29,4429.84,978.2700,NORMAL,EXECUTION_OK,CLOCK_OK,50.0000,entry_exit_proxy,50.0000,50.0000,5.0000,5.0000,110.0000,10.0000,0.3228,0.1124,0.1888,0.3992,fixed_notional_phase0_baseline,0.3228,0.1888,0.1124,0.3992,0.2104,NORMAL,false,true,BREAKOUT_RETEST_SHORT_DRY_RUN,PENDING,Offline Phase 3 experiment generated from blocked Phase 1 would-signal evidence.
PH3EXP00080,phase3-experimental-offline-v0,WS082,phase1-dry-run-v0.7,FAM00042,FAM00042,PRIMARY_EXECUTION_CANDIDATE,true,2026.05.27 15:50:00,2026.05.27 15:49:59,2026.05.27 21:19:59,XAUUSD,breakout_retest_family,breakout_retest,2026.05.27 15:50:00,WOULD_OPEN,EXPERIMENT_ONLY,SHORT,latest_swing_low,4435.37,4432.76,4441.56,4419.55,880.4300,NORMAL,EXECUTION_OK,CLOCK_OK,75.0000,entry_exit_proxy,75.0000,75.0000,5.0000,5.0000,160.0000,10.0000,0.3228,0.1817,0.1888,0.3299,fixed_notional_phase0_baseline,0.3228,0.1888,0.1817,0.3299,0.1411,NORMAL,false,true,BREAKOUT_RETEST_SHORT_DRY_RUN,PENDING,Offline Phase 3 experiment generated from blocked Phase 1 would-signal evidence.
PH3EXP00081,phase3-experimental-offline-v0,WS083,phase1-dry-run-v0.7,FAM00042,FAM00042,OBSERVER_DUPLICATE,false,2026.05.27 15:50:00,2026.05.27 15:49:59,2026.05.27 21:19:59,XAUUSD,breakout_retest_family,swing_breakout_retest_v0,2026.05.27 15:50:00,WOULD_OPEN,EXPERIMENT_ONLY,SHORT,latest_swing_low,4435.37,4432.76,4441.56,4419.55,880.4300,NORMAL,EXECUTION_OK,CLOCK_OK,75.0000,entry_exit_proxy,75.0000,75.0000,5.0000,5.0000,160.0000,10.0000,0.3228,0.1817,0.1888,0.3299,fixed_notional_phase0_baseline,0.3228,0.1888,0.1817,0.3299,0.1411,NORMAL,false,true,SWING_BREAKOUT_RETEST_SHORT_DRY_RUN,PENDING,Offline Phase 3 experiment generated from blocked Phase 1 would-signal evidence.
PH3EXP00082,phase3-experimental-offline-v0,WS084,phase1-dry-run-v0.7,FAM00043,FAM00043,PRIMARY_EXECUTION_CANDIDATE,true,2026.05.27 17:20:00,2026.05.27 17:19:59,2026.05.27 22:49:59,XAUUSD,breakout_retest_family,breakout_retest,2026.05.27 17:20:00,WOULD_OPEN,EXPERIMENT_ONLY,LONG,latest_swing_high,4441.36,4445.62,4440.92,4452.66,469.5600,NORMAL,EXECUTION_OK,CLOCK_OK,50.0000,entry_exit_proxy,50.0000,50.0000,5.0000,5.0000,110.0000,10.0000,0.3228,0.2343,0.1888,0.2773,fixed_notional_phase0_baseline,0.3228,0.1888,0.2343,0.2773,0.0885,NORMAL,false,true,BREAKOUT_RETEST_LONG_DRY_RUN,PENDING,Offline Phase 3 experiment generated from blocked Phase 1 would-signal evidence.
PH3EXP00083,phase3-experimental-offline-v0,WS085,phase1-dry-run-v0.7,FAM00043,FAM00043,OBSERVER_DUPLICATE,false,2026.05.27 17:20:00,2026.05.27 17:19:59,2026.05.27 22:49:59,XAUUSD,breakout_retest_family,swing_breakout_retest_v0,2026.05.27 17:20:00,WOULD_OPEN,EXPERIMENT_ONLY,LONG,latest_swing_high,4441.36,4445.62,4440.92,4452.66,469.5600,NORMAL,EXECUTION_OK,CLOCK_OK,50.0000,entry_exit_proxy,50.0000,50.0000,5.0000,5.0000,110.0000,10.0000,0.3228,0.2343,0.1888,0.2773,fixed_notional_phase0_baseline,0.3228,0.1888,0.2343,0.2773,0.0885,NORMAL,false,true,SWING_BREAKOUT_RETEST_LONG_DRY_RUN,PENDING,Offline Phase 3 experiment generated from blocked Phase 1 would-signal evidence.
PH3EXP00084,phase3-experimental-offline-v0,WS086,phase1-dry-run-v0.7,FAM00044,,PRIMARY_EXECUTION_CANDIDATE,true,2026.05.27 17:40:00,2026.05.27 17:39:59,2026.05.27 23:09:59,XAUUSD,breakout_retest_family,breakout_retest,2026.05.27 17:40:00,WOULD_OPEN,EXPERIMENT_ONLY,SHORT,previous_weekly_low,4453.16,4449.77,4453.56,4444.08,379.0600,NORMAL,EXECUTION_OK,CLOCK_OK,50.0000,entry_exit_proxy,50.0000,50.0000,5.0000,5.0000,110.0000,10.0000,0.3228,0.2902,0.1888,0.2214,fixed_notional_phase0_baseline,0.3228,0.1888,0.2902,0.2214,0.0326,NORMAL,false,true,BREAKOUT_RETEST_SHORT_DRY_RUN,PENDING,Offline Phase 3 experiment generated from blocked Phase 1 would-signal evidence.
PH3EXP00085,phase3-experimental-offline-v0,WS087,phase1-dry-run-v0.7,FAM00045,,PRIMARY_EXECUTION_CANDIDATE,true,2026.05.27 17:45:00,2026.05.27 17:44:59,2026.05.27 23:14:59,XAUUSD,breakout_retest_family,breakout_retest,2026.05.27 17:45:00,WOULD_OPEN,EXPERIMENT_ONLY,SHORT,previous_weekly_low,4453.16,4450.76,4454.54,4445.10,377.6000,NORMAL,EXECUTION_OK,CLOCK_OK,50.0000,entry_exit_proxy,50.0000,50.0000,5.0000,5.0000,110.0000,10.0000,0.3228,0.2913,0.1888,0.2203,fixed_notional_phase0_baseline,0.3228,0.1888,0.2913,0.2203,0.0315,NORMAL,false,true,BREAKOUT_RETEST_SHORT_DRY_RUN,PENDING,Offline Phase 3 experiment generated from blocked Phase 1 would-signal evidence.
PH3EXP00086,phase3-experimental-offline-v0,WS088,phase1-dry-run-v0.7,FAM00046,,PRIMARY_EXECUTION_CANDIDATE,true,2026.05.27 18:00:00,2026.05.27 17:59:59,2026.05.27 23:29:59,XAUUSD,breakout_retest_family,breakout_retest,2026.05.27 18:00:00,WOULD_OPEN,EXPERIMENT_ONLY,SHORT,previous_weekly_low,4453.16,4450.47,4453.92,4445.30,344.9300,NORMAL,EXECUTION_OK,CLOCK_OK,75.0000,entry_exit_proxy,75.0000,75.0000,5.0000,5.0000,160.0000,10.0000,0.3228,0.4639,0.1888,0.0477,fixed_notional_phase0_baseline,0.3228,0.1888,0.4639,0.0477,-0.1411,SUSPEND_FAMILY,false,true,BREAKOUT_RETEST_SHORT_DRY_RUN,PENDING,Offline Phase 3 experiment generated from blocked Phase 1 would-signal evidence.
PH3EXP00087,phase3-experimental-offline-v0,WS089,phase1-dry-run-v0.7,FAM00047,,PRIMARY_EXECUTION_CANDIDATE,true,2026.05.27 18:05:00,2026.05.27 18:04:59,2026.05.27 23:34:59,XAUUSD,breakout_retest_family,breakout_retest,2026.05.27 18:05:00,WOULD_OPEN,EXPERIMENT_ONLY,SHORT,previous_weekly_low,4453.16,4450.10,4454.19,4443.96,409.1300,NORMAL,EXECUTION_OK,CLOCK_OK,50.0000,entry_exit_proxy,50.0000,50.0000,5.0000,5.0000,110.0000,10.0000,0.3228,0.2689,0.1888,0.2427,fixed_notional_phase0_baseline,0.3228,0.1888,0.2689,0.2427,0.0539,NORMAL,false,true,BREAKOUT_RETEST_SHORT_DRY_RUN,PENDING,Offline Phase 3 experiment generated from blocked Phase 1 would-signal evidence.
PH3EXP00088,phase3-experimental-offline-v0,WS090,phase1-dry-run-v0.7,FAM00048,,PRIMARY_EXECUTION_CANDIDATE,true,2026.05.27 19:30:01,2026.05.27 19:29:59,2026.05.28 00:59:59,XAUUSD,breakout_retest_family,breakout_retest,2026.05.27 19:30:00,WOULD_OPEN,EXPERIMENT_ONLY,SHORT,previous_weekly_low,4453.16,4449.73,4454.16,4443.08,443.1700,NORMAL,EXECUTION_OK,CLOCK_OK,75.0000,entry_exit_proxy,75.0000,75.0000,5.0000,5.0000,160.0000,10.0000,0.3228,0.3610,0.1888,0.1506,fixed_notional_phase0_baseline,0.3228,0.1888,0.3610,0.1506,-0.0382,COST_WATCH,false,true,BREAKOUT_RETEST_SHORT_DRY_RUN,PENDING,Offline Phase 3 experiment generated from blocked Phase 1 would-signal evidence.
PH3EXP00089,phase3-experimental-offline-v0,WS091,phase1-dry-run-v0.7,FAM00049,,PRIMARY_EXECUTION_CANDIDATE,true,2026.05.27 19:55:00,2026.05.27 19:54:58,2026.05.28 01:24:58,XAUUSD,breakout_retest_family,breakout_retest,2026.05.27 19:55:00,WOULD_OPEN,EXPERIMENT_ONLY,SHORT,previous_weekly_low,4453.16,4451.70,4453.80,4448.54,210.4200,NORMAL,EXECUTION_OK,CLOCK_OK,50.0000,entry_exit_proxy,50.0000,50.0000,5.0000,5.0000,110.0000,10.0000,0.3228,0.5228,0.1888,-0.0112,fixed_notional_phase0_baseline,0.3228,0.1888,0.5228,-0.0112,-0.2000,SUSPEND_FAMILY,false,true,BREAKOUT_RETEST_SHORT_DRY_RUN,PENDING,Offline Phase 3 experiment generated from blocked Phase 1 would-signal evidence.
PH3EXP00090,phase3-experimental-offline-v0,WS092,phase1-dry-run-v0.7,FAM00050,,PRIMARY_EXECUTION_CANDIDATE,true,2026.05.27 23:50:00,2026.05.27 23:49:58,2026.05.28 05:19:58,XAUUSD,breakout_retest_family,breakout_retest,2026.05.27 23:50:00,WOULD_OPEN,EXPERIMENT_ONLY,SHORT,previous_weekly_low,4453.16,4450.67,4454.12,4445.50,344.8600,NORMAL,EXECUTION_OK,CLOCK_OK,50.0000,entry_exit_proxy,50.0000,50.0000,5.0000,5.0000,110.0000,10.0000,0.3228,0.3190,0.1888,0.1926,fixed_notional_phase0_baseline,0.3228,0.1888,0.3190,0.1926,0.0038,NORMAL,false,true,BREAKOUT_RETEST_SHORT_DRY_RUN,PENDING,Offline Phase 3 experiment generated from blocked Phase 1 would-signal evidence.
PH3EXP00091,phase3-experimental-offline-v0,WS093,phase1-dry-run-v0.7,FAM00051,,PRIMARY_EXECUTION_CANDIDATE,true,2026.05.28 00:25:00,2026.05.28 00:24:57,2026.05.28 05:54:57,XAUUSD,breakout_retest_family,breakout_retest,2026.05.28 00:25:00,WOULD_OPEN,EXPERIMENT_ONLY,SHORT,previous_weekly_low,4453.16,4443.76,4454.23,4428.06,1046.7800,NORMAL,EXECUTION_OK,CLOCK_OK,50.0000,entry_exit_proxy,50.0000,50.0000,5.0000,5.0000,110.0000,10.0000,0.3228,0.1051,0.1888,0.4065,fixed_notional_phase0_baseline,0.3228,0.1888,0.1051,0.4065,0.2177,NORMAL,false,true,BREAKOUT_RETEST_SHORT_DRY_RUN,PENDING,Offline Phase 3 experiment generated from blocked Phase 1 would-signal evidence.
PH3EXP00092,phase3-experimental-offline-v0,WS094,phase1-dry-run-v0.7,FAM00052,FAM00052,PRIMARY_EXECUTION_CANDIDATE,true,2026.05.28 01:10:00,2026.05.28 01:09:57,2026.05.28 06:39:57,XAUUSD,breakout_retest_family,breakout_retest,2026.05.28 01:10:00,WOULD_OPEN,EXPERIMENT_ONLY,SHORT,previous_weekly_low,4453.16,4445.47,4459.17,4424.92,1370.2900,NORMAL,EXECUTION_OK,CLOCK_OK,50.0000,entry_exit_proxy,50.0000,50.0000,5.0000,5.0000,110.0000,10.0000,0.3228,0.0803,0.1888,0.4313,fixed_notional_phase0_baseline,0.3228,0.1888,0.0803,0.4313,0.2425,NORMAL,false,true,BREAKOUT_RETEST_SHORT_DRY_RUN,PENDING,Offline Phase 3 experiment generated from blocked Phase 1 would-signal evidence.
PH3EXP00093,phase3-experimental-offline-v0,WS095,phase1-dry-run-v0.7,FAM00052,FAM00052,OBSERVER_DUPLICATE,false,2026.05.28 01:10:00,2026.05.28 01:09:57,2026.05.28 06:39:57,XAUUSD,breakout_retest_family,swing_breakout_retest_v0,2026.05.28 01:10:00,WOULD_OPEN,EXPERIMENT_ONLY,SHORT,latest_swing_low,4455.11,4445.47,4459.17,4424.92,1370.2900,NORMAL,EXECUTION_OK,CLOCK_OK,50.0000,entry_exit_proxy,50.0000,50.0000,5.0000,5.0000,110.0000,10.0000,0.3228,0.0803,0.1888,0.4313,fixed_notional_phase0_baseline,0.3228,0.1888,0.0803,0.4313,0.2425,NORMAL,false,true,SWING_BREAKOUT_RETEST_SHORT_DRY_RUN,PENDING,Offline Phase 3 experiment generated from blocked Phase 1 would-signal evidence.
PH3EXP00094,phase3-experimental-offline-v0,WS096,phase1-dry-run-v0.7,FAM00053,FAM00053,PRIMARY_EXECUTION_CANDIDATE,true,2026.05.28 03:20:00,2026.05.28 03:19:57,2026.05.28 08:49:57,XAUUSD,breakout_retest_family,breakout_retest,2026.05.28 03:20:00,WOULD_OPEN,EXPERIMENT_ONLY,SHORT,latest_swing_low,4396.23,4391.51,4397.86,4381.99,634.9100,NORMAL,EXECUTION_OK,CLOCK_OK,50.0000,entry_exit_proxy,50.0000,50.0000,5.0000,5.0000,110.0000,10.0000,0.3228,0.1733,0.1888,0.3383,fixed_notional_phase0_baseline,0.3228,0.1888,0.1733,0.3383,0.1495,NORMAL,false,true,BREAKOUT_RETEST_SHORT_DRY_RUN,PENDING,Offline Phase 3 experiment generated from blocked Phase 1 would-signal evidence.
PH3EXP00095,phase3-experimental-offline-v0,WS097,phase1-dry-run-v0.7,FAM00053,FAM00053,OBSERVER_DUPLICATE,false,2026.05.28 03:20:00,2026.05.28 03:19:57,2026.05.28 08:49:57,XAUUSD,breakout_retest_family,swing_breakout_retest_v0,2026.05.28 03:20:00,WOULD_OPEN,EXPERIMENT_ONLY,SHORT,latest_swing_low,4396.23,4391.51,4397.86,4381.99,634.9100,NORMAL,EXECUTION_OK,CLOCK_OK,50.0000,entry_exit_proxy,50.0000,50.0000,5.0000,5.0000,110.0000,10.0000,0.3228,0.1733,0.1888,0.3383,fixed_notional_phase0_baseline,0.3228,0.1888,0.1733,0.3383,0.1495,NORMAL,false,true,SWING_BREAKOUT_RETEST_SHORT_DRY_RUN,PENDING,Offline Phase 3 experiment generated from blocked Phase 1 would-signal evidence.
PH3EXP00096,phase3-experimental-offline-v0,WS098,phase1-dry-run-v0.7,FAM00054,FAM00054,PRIMARY_EXECUTION_CANDIDATE,true,2026.05.28 05:40:01,2026.05.28 05:39:57,2026.05.28 11:09:57,XAUUSD,breakout_retest_family,breakout_retest,2026.05.28 05:40:00,WOULD_OPEN,EXPERIMENT_ONLY,LONG,latest_swing_high,4375.03,4387.50,4374.37,4407.20,1313.4600,NORMAL,EXECUTION_OK,CLOCK_OK,50.0000,entry_exit_proxy,50.0000,50.0000,5.0000,5.0000,110.0000,10.0000,0.3228,0.0837,0.1888,0.4279,fixed_notional_phase0_baseline,0.3228,0.1888,0.0837,0.4279,0.2391,NORMAL,false,true,BREAKOUT_RETEST_LONG_DRY_RUN,PENDING,Offline Phase 3 experiment generated from blocked Phase 1 would-signal evidence.
PH3EXP00097,phase3-experimental-offline-v0,WS099,phase1-dry-run-v0.7,FAM00054,FAM00054,OBSERVER_DUPLICATE,false,2026.05.28 05:40:01,2026.05.28 05:39:57,2026.05.28 11:09:57,XAUUSD,breakout_retest_family,swing_breakout_retest_v0,2026.05.28 05:40:00,WOULD_OPEN,EXPERIMENT_ONLY,LONG,latest_swing_high,4375.03,4387.50,4374.37,4407.20,1313.4600,NORMAL,EXECUTION_OK,CLOCK_OK,50.0000,entry_exit_proxy,50.0000,50.0000,5.0000,5.0000,110.0000,10.0000,0.3228,0.0837,0.1888,0.4279,fixed_notional_phase0_baseline,0.3228,0.1888,0.0837,0.4279,0.2391,NORMAL,false,true,SWING_BREAKOUT_RETEST_LONG_DRY_RUN,PENDING,Offline Phase 3 experiment generated from blocked Phase 1 would-signal evidence.
PH3EXP00098,phase3-experimental-offline-v0,WS100,phase1-dry-run-v0.7,FAM00055,FAM00055,PRIMARY_EXECUTION_CANDIDATE,true,2026.05.28 06:20:00,2026.05.28 06:19:56,2026.05.28 11:49:56,XAUUSD,breakout_retest_family,breakout_retest,2026.05.28 06:20:00,WOULD_OPEN,EXPERIMENT_ONLY,LONG,latest_swing_high,4375.03,4381.41,4373.91,4392.66,749.7900,NORMAL,EXECUTION_OK,CLOCK_OK,75.0000,entry_exit_proxy,75.0000,75.0000,5.0000,5.0000,160.0000,10.0000,0.3228,0.2134,0.1888,0.2982,fixed_notional_phase0_baseline,0.3228,0.1888,0.2134,0.2982,0.1094,NORMAL,false,true,BREAKOUT_RETEST_LONG_DRY_RUN,PENDING,Offline Phase 3 experiment generated from blocked Phase 1 would-signal evidence.
PH3EXP00099,phase3-experimental-offline-v0,WS101,phase1-dry-run-v0.7,FAM00055,FAM00055,OBSERVER_DUPLICATE,false,2026.05.28 06:20:00,2026.05.28 06:19:56,2026.05.28 11:49:56,XAUUSD,breakout_retest_family,swing_breakout_retest_v0,2026.05.28 06:20:00,WOULD_OPEN,EXPERIMENT_ONLY,LONG,latest_swing_high,4375.03,4381.41,4373.91,4392.66,749.7900,NORMAL,EXECUTION_OK,CLOCK_OK,75.0000,entry_exit_proxy,75.0000,75.0000,5.0000,5.0000,160.0000,10.0000,0.3228,0.2134,0.1888,0.2982,fixed_notional_phase0_baseline,0.3228,0.1888,0.2134,0.2982,0.1094,NORMAL,false,true,SWING_BREAKOUT_RETEST_LONG_DRY_RUN,PENDING,Offline Phase 3 experiment generated from blocked Phase 1 would-signal evidence.
PH3EXP00100,phase3-experimental-offline-v0,WS102,phase1-dry-run-v0.7,FAM00056,FAM00056,PRIMARY_EXECUTION_CANDIDATE,true,2026.05.28 06:25:00,2026.05.28 06:24:56,2026.05.28 11:54:56,XAUUSD,breakout_retest_family,breakout_retest,2026.05.28 06:25:00,WOULD_OPEN,EXPERIMENT_ONLY,LONG,latest_swing_high,4375.03,4380.16,4373.43,4390.25,672.7400,NORMAL,EXECUTION_OK,CLOCK_OK,50.0000,entry_exit_proxy,50.0000,50.0000,5.0000,5.0000,110.0000,10.0000,0.3228,0.1635,0.1888,0.3481,fixed_notional_phase0_baseline,0.3228,0.1888,0.1635,0.3481,0.1593,NORMAL,false,true,BREAKOUT_RETEST_LONG_DRY_RUN,PENDING,Offline Phase 3 experiment generated from blocked Phase 1 would-signal evidence.
PH3EXP00101,phase3-experimental-offline-v0,WS103,phase1-dry-run-v0.7,FAM00056,FAM00056,OBSERVER_DUPLICATE,false,2026.05.28 06:25:00,2026.05.28 06:24:56,2026.05.28 11:54:56,XAUUSD,breakout_retest_family,swing_breakout_retest_v0,2026.05.28 06:25:00,WOULD_OPEN,EXPERIMENT_ONLY,LONG,latest_swing_high,4375.03,4380.16,4373.43,4390.25,672.7400,NORMAL,EXECUTION_OK,CLOCK_OK,50.0000,entry_exit_proxy,50.0000,50.0000,5.0000,5.0000,110.0000,10.0000,0.3228,0.1635,0.1888,0.3481,fixed_notional_phase0_baseline,0.3228,0.1888,0.1635,0.3481,0.1593,NORMAL,false,true,SWING_BREAKOUT_RETEST_LONG_DRY_RUN,PENDING,Offline Phase 3 experiment generated from blocked Phase 1 would-signal evidence.
PH3EXP00102,phase3-experimental-offline-v0,WS104,phase1-dry-run-v0.7,FAM00057,FAM00057,PRIMARY_EXECUTION_CANDIDATE,true,2026.05.28 08:00:00,2026.05.28 07:59:56,2026.05.28 13:29:56,XAUUSD,breakout_retest_family,breakout_retest,2026.05.28 08:00:00,WOULD_OPEN,EXPERIMENT_ONLY,LONG,latest_swing_high,4385.30,4389.19,4382.19,4399.69,700.1400,NORMAL,EXECUTION_OK,CLOCK_OK,50.0000,entry_exit_proxy,50.0000,50.0000,5.0000,5.0000,110.0000,10.0000,0.3228,0.1571,0.1888,0.3545,fixed_notional_phase0_baseline,0.3228,0.1888,0.1571,0.3545,0.1657,NORMAL,false,true,BREAKOUT_RETEST_LONG_DRY_RUN,PENDING,Offline Phase 3 experiment generated from blocked Phase 1 would-signal evidence.
PH3EXP00103,phase3-experimental-offline-v0,WS105,phase1-dry-run-v0.7,FAM00057,FAM00057,OBSERVER_DUPLICATE,false,2026.05.28 08:00:00,2026.05.28 07:59:56,2026.05.28 13:29:56,XAUUSD,breakout_retest_family,swing_breakout_retest_v0,2026.05.28 08:00:00,WOULD_OPEN,EXPERIMENT_ONLY,LONG,latest_swing_high,4385.30,4389.19,4382.19,4399.69,700.1400,NORMAL,EXECUTION_OK,CLOCK_OK,50.0000,entry_exit_proxy,50.0000,50.0000,5.0000,5.0000,110.0000,10.0000,0.3228,0.1571,0.1888,0.3545,fixed_notional_phase0_baseline,0.3228,0.1888,0.1571,0.3545,0.1657,NORMAL,false,true,SWING_BREAKOUT_RETEST_LONG_DRY_RUN,PENDING,Offline Phase 3 experiment generated from blocked Phase 1 would-signal evidence.
PH3EXP00104,phase3-experimental-offline-v0,WS106,phase1-dry-run-v0.7,FAM00058,,PRIMARY_EXECUTION_CANDIDATE,true,2026.05.28 10:15:00,2026.05.28 10:14:56,2026.05.28 15:44:56,XAUUSD,breakout_retest_family,breakout_retest,2026.05.28 10:15:00,WOULD_OPEN,EXPERIMENT_ONLY,SHORT,previous_daily_low,4401.21,4393.44,4401.73,4381.00,829.0600,NORMAL,EXECUTION_OK,CLOCK_OK,50.0000,entry_exit_proxy,50.0000,50.0000,5.0000,5.0000,110.0000,10.0000,0.3228,0.1327,0.1888,0.3789,fixed_notional_phase0_baseline,0.3228,0.1888,0.1327,0.3789,0.1901,NORMAL,false,true,BREAKOUT_RETEST_SHORT_DRY_RUN,PENDING,Offline Phase 3 experiment generated from blocked Phase 1 would-signal evidence.
PH3EXP00105,phase3-experimental-offline-v0,WS107,phase1-dry-run-v0.7,FAM00059,,PRIMARY_EXECUTION_CANDIDATE,true,2026.05.28 10:35:00,2026.05.28 10:34:55,2026.05.28 16:04:55,XAUUSD,breakout_retest_family,breakout_retest,2026.05.28 10:35:00,WOULD_OPEN,EXPERIMENT_ONLY,SHORT,previous_daily_low,4401.21,4395.42,4402.67,4384.54,725.2400,NORMAL,EXECUTION_OK,CLOCK_OK,50.0000,entry_exit_proxy,50.0000,50.0000,5.0000,5.0000,110.0000,10.0000,0.3228,0.1517,0.1888,0.3599,fixed_notional_phase0_baseline,0.3228,0.1888,0.1517,0.3599,0.1711,NORMAL,false,true,BREAKOUT_RETEST_SHORT_DRY_RUN,PENDING,Offline Phase 3 experiment generated from blocked Phase 1 would-signal evidence.
PH3EXP00106,phase3-experimental-offline-v0,WS108,phase1-dry-run-v0.7,FAM00060,,PRIMARY_EXECUTION_CANDIDATE,true,2026.05.28 10:40:01,2026.05.28 10:39:56,2026.05.28 16:09:56,XAUUSD,breakout_retest_family,breakout_retest,2026.05.28 10:40:00,WOULD_OPEN,EXPERIMENT_ONLY,SHORT,previous_daily_low,4401.21,4397.91,4402.76,4390.64,484.8700,NORMAL,EXECUTION_OK,CLOCK_OK,50.0000,entry_exit_proxy,50.0000,50.0000,5.0000,5.0000,110.0000,10.0000,0.3228,0.2269,0.1888,0.2847,fixed_notional_phase0_baseline,0.3228,0.1888,0.2269,0.2847,0.0959,NORMAL,false,true,BREAKOUT_RETEST_SHORT_DRY_RUN,PENDING,Offline Phase 3 experiment generated from blocked Phase 1 would-signal evidence.
PH3EXP00107,phase3-experimental-offline-v0,WS109,phase1-dry-run-v0.7,FAM00061,FAM00061,PRIMARY_EXECUTION_CANDIDATE,true,2026.05.28 11:25:00,2026.05.28 11:24:55,2026.05.28 16:54:55,XAUUSD,breakout_retest_family,breakout_retest,2026.05.28 11:25:00,WOULD_OPEN,EXPERIMENT_ONLY,SHORT,latest_swing_low,4389.67,4386.49,4390.90,4379.88,440.6700,NORMAL,EXECUTION_OK,CLOCK_OK,75.0000,entry_exit_proxy,75.0000,75.0000,5.0000,5.0000,160.0000,10.0000,0.3228,0.3631,0.1888,0.1485,fixed_notional_phase0_baseline,0.3228,0.1888,0.3631,0.1485,-0.0403,SUSPEND_FAMILY,false,true,BREAKOUT_RETEST_SHORT_DRY_RUN,PENDING,Offline Phase 3 experiment generated from blocked Phase 1 would-signal evidence.
PH3EXP00108,phase3-experimental-offline-v0,WS110,phase1-dry-run-v0.7,FAM00061,FAM00061,OBSERVER_DUPLICATE,false,2026.05.28 11:25:00,2026.05.28 11:24:55,2026.05.28 16:54:55,XAUUSD,breakout_retest_family,swing_breakout_retest_v0,2026.05.28 11:25:00,WOULD_OPEN,EXPERIMENT_ONLY,SHORT,latest_swing_low,4389.67,4386.49,4390.90,4379.88,440.6700,NORMAL,EXECUTION_OK,CLOCK_OK,75.0000,entry_exit_proxy,75.0000,75.0000,5.0000,5.0000,160.0000,10.0000,0.3228,0.3631,0.1888,0.1485,fixed_notional_phase0_baseline,0.3228,0.1888,0.3631,0.1485,-0.0403,SUSPEND_FAMILY,false,true,SWING_BREAKOUT_RETEST_SHORT_DRY_RUN,PENDING,Offline Phase 3 experiment generated from blocked Phase 1 would-signal evidence.
