lifecycle_event_id,lifecycle_session_id,paper_shadow_event_id,source_cluster_id,family_event_id,timestamp_broker,timestamp_utc,timestamp_local,symbol,expert_family,observer,decision_bar_time,direction,entry_price_projected,stop_price_projected,target_price_projected,input_paper_shadow_action,input_paper_shadow_state,lifecycle_stage,synthetic_open_state,synthetic_close_state,synthetic_close_reason,synthetic_hold_bars,synthetic_gross_r,synthetic_cost_r,synthetic_net_r,running_synthetic_equity_r,running_synthetic_peak_r,running_synthetic_drawdown_r,risk_lock_after_event,kill_rule_state,proxy_cost_r,net_after_proxy_from_gross_r,review_priority,demo_authorized,real_phase2_readiness,blocker_override_mode,mt5_runtime_touched,broker_action_code_allowed,lifecycle_notes
PH3LIFE00001,phase3-shadow-lifecycle-side-experiment-v0,PH3SHADOW00001,WS001,FAM00001,2026.05.22 11:25:01,2026.05.22 11:24:57,2026.05.22 15:24:57,XAUUSD,breakout_retest_family,breakout_retest,2026.05.22 11:25:00,SHORT,4511.74,4516.09,4505.22,WOULD_PAPER_SHADOW_OPEN,PAPER_SHADOW_ELIGIBLE,OPENED_THEN_CLOSED,SYNTHETIC_OPENED,CLOSED_STOP,synthetic_stop_hit,5,-1.0000,0.2529,-1.2529,-1.2529,0.0000,-1.2529,NORMAL,NORMAL,0.2529,0.2587,LOW,false,PENDING,side_experiment_only,false,false,Synthetic lifecycle close reason: synthetic_stop_hit. This is not broker or market execution.
PH3LIFE00002,phase3-shadow-lifecycle-side-experiment-v0,PH3SHADOW00002,WS002,FAM00001,2026.05.22 11:25:01,2026.05.22 11:24:57,2026.05.22 15:24:57,XAUUSD,breakout_retest_family,swing_breakout_retest_v0,2026.05.22 11:25:00,SHORT,4511.74,4516.09,4505.22,NO_EXPOSURE_DUPLICATE_IGNORED,DUPLICATE_IGNORED,NO_EXPOSURE_REVIEW_ONLY,NO_SYNTHETIC_OPEN,NO_SYNTHETIC_CLOSE,observer_duplicate,0,0.0000,0.0000,0.0000,-1.2529,0.0000,-1.2529,NORMAL,NORMAL,0.2529,0.2587,LOW,false,PENDING,side_experiment_only,false,false,No synthetic exposure was created; row remains review-only.
PH3LIFE00003,phase3-shadow-lifecycle-side-experiment-v0,PH3SHADOW00003,WS003,FAM00002,2026.05.22 11:50:01,2026.05.22 11:49:57,2026.05.22 15:49:57,XAUUSD,breakout_retest_family,breakout_retest,2026.05.22 11:50:00,LONG,4522.94,4516.58,4532.47,WOULD_PAPER_SHADOW_OPEN,PAPER_SHADOW_ELIGIBLE,OPENED_THEN_CLOSED,SYNTHETIC_OPENED,CLOSED_TIME_STOP,synthetic_time_stop_small_win,12,0.3500,0.1731,0.1769,-1.0760,0.0000,-1.0760,NORMAL,NORMAL,0.1731,0.3385,LOW,false,PENDING,side_experiment_only,false,false,Synthetic lifecycle close reason: synthetic_time_stop_small_win. This is not broker or market execution.
PH3LIFE00004,phase3-shadow-lifecycle-side-experiment-v0,PH3SHADOW00004,WS004,FAM00002,2026.05.22 11:50:01,2026.05.22 11:49:57,2026.05.22 15:49:57,XAUUSD,breakout_retest_family,swing_breakout_retest_v0,2026.05.22 11:50:00,LONG,4522.94,4516.58,4532.47,NO_EXPOSURE_DUPLICATE_IGNORED,DUPLICATE_IGNORED,NO_EXPOSURE_REVIEW_ONLY,NO_SYNTHETIC_OPEN,NO_SYNTHETIC_CLOSE,observer_duplicate,0,0.0000,0.0000,0.0000,-1.0760,0.0000,-1.0760,NORMAL,NORMAL,0.1731,0.3385,LOW,false,PENDING,side_experiment_only,false,false,No synthetic exposure was created; row remains review-only.
PH3LIFE00005,phase3-shadow-lifecycle-side-experiment-v0,PH3SHADOW00005,WS005,FAM00003,2026.05.22 12:45:00,2026.05.22 12:44:56,2026.05.22 16:44:56,XAUUSD,breakout_retest_family,breakout_retest,2026.05.22 12:45:00,LONG,4518.58,4514.30,4525.01,BLOCKED_SUSPEND_FAMILY,SUSPEND_FAMILY_BLOCKED,NO_EXPOSURE_REVIEW_ONLY,NO_SYNTHETIC_OPEN,NO_SYNTHETIC_CLOSE,net_expectancy_below_minimum_after_proxy_cost,0,0.0000,0.0000,0.0000,-1.0760,0.0000,-1.0760,NORMAL,SUSPEND_FAMILY,0.3734,0.1382,HIGH,false,PENDING,side_experiment_only,false,false,No synthetic exposure was created; row remains review-only.
PH3LIFE00006,phase3-shadow-lifecycle-side-experiment-v0,PH3SHADOW00006,WS006,FAM00003,2026.05.22 12:45:00,2026.05.22 12:44:56,2026.05.22 16:44:56,XAUUSD,breakout_retest_family,swing_breakout_retest_v0,2026.05.22 12:45:00,LONG,4518.58,4514.30,4525.01,NO_EXPOSURE_DUPLICATE_IGNORED,DUPLICATE_IGNORED,NO_EXPOSURE_REVIEW_ONLY,NO_SYNTHETIC_OPEN,NO_SYNTHETIC_CLOSE,observer_duplicate,0,0.0000,0.0000,0.0000,-1.0760,0.0000,-1.0760,NORMAL,SUSPEND_FAMILY,0.3734,0.1382,LOW,false,PENDING,side_experiment_only,false,false,No synthetic exposure was created; row remains review-only.
PH3LIFE00007,phase3-shadow-lifecycle-side-experiment-v0,PH3SHADOW00007,WS007,FAM00004,2026.05.22 12:50:00,2026.05.22 12:50:01,2026.05.22 16:50:01,XAUUSD,breakout_retest_family,breakout_retest,2026.05.22 12:50:00,LONG,4519.58,4515.40,4525.85,WOULD_PAPER_SHADOW_OPEN,PAPER_SHADOW_ELIGIBLE,OPENED_THEN_CLOSED,SYNTHETIC_OPENED,CLOSED_BREAK_EVEN,synthetic_break_even,6,0.0000,0.2633,-0.2633,-1.3393,0.0000,-1.3393,NORMAL,NORMAL,0.2633,0.2483,LOW,false,PENDING,side_experiment_only,false,false,Synthetic lifecycle close reason: synthetic_break_even. This is not broker or market execution.
PH3LIFE00008,phase3-shadow-lifecycle-side-experiment-v0,PH3SHADOW00008,WS008,FAM00004,2026.05.22 12:50:00,2026.05.22 12:50:01,2026.05.22 16:50:01,XAUUSD,breakout_retest_family,swing_breakout_retest_v0,2026.05.22 12:50:00,LONG,4519.58,4515.40,4525.85,NO_EXPOSURE_DUPLICATE_IGNORED,DUPLICATE_IGNORED,NO_EXPOSURE_REVIEW_ONLY,NO_SYNTHETIC_OPEN,NO_SYNTHETIC_CLOSE,observer_duplicate,0,0.0000,0.0000,0.0000,-1.3393,0.0000,-1.3393,NORMAL,NORMAL,0.2633,0.2483,LOW,false,PENDING,side_experiment_only,false,false,No synthetic exposure was created; row remains review-only.
PH3LIFE00009,phase3-shadow-lifecycle-side-experiment-v0,PH3SHADOW00009,WS009,FAM00005,2026.05.22 14:05:00,2026.05.22 14:05:00,2026.05.22 18:05:00,XAUUSD,breakout_retest_family,breakout_retest,2026.05.22 14:05:00,SHORT,4511.45,4517.35,4502.59,WOULD_PAPER_SHADOW_OPEN,PAPER_SHADOW_ELIGIBLE,OPENED_THEN_CLOSED,SYNTHETIC_OPENED,CLOSED_TIME_STOP,synthetic_time_stop_small_loss,12,-0.2500,0.1863,-0.4363,-1.7756,0.0000,-1.7756,NORMAL,NORMAL,0.1863,0.3253,LOW,false,PENDING,side_experiment_only,false,false,Synthetic lifecycle close reason: synthetic_time_stop_small_loss. This is not broker or market execution.
PH3LIFE00010,phase3-shadow-lifecycle-side-experiment-v0,PH3SHADOW00010,WS010,FAM00005,2026.05.22 14:05:00,2026.05.22 14:05:00,2026.05.22 18:05:00,XAUUSD,breakout_retest_family,swing_breakout_retest_v0,2026.05.22 14:05:00,SHORT,4511.45,4517.35,4502.59,NO_EXPOSURE_DUPLICATE_IGNORED,DUPLICATE_IGNORED,NO_EXPOSURE_REVIEW_ONLY,NO_SYNTHETIC_OPEN,NO_SYNTHETIC_CLOSE,observer_duplicate,0,0.0000,0.0000,0.0000,-1.7756,0.0000,-1.7756,NORMAL,NORMAL,0.1863,0.3253,LOW,false,PENDING,side_experiment_only,false,false,No synthetic exposure was created; row remains review-only.
PH3LIFE00011,phase3-shadow-lifecycle-side-experiment-v0,PH3SHADOW00011,WS011,FAM00006,2026.05.25 05:50:00,2026.05.25 05:49:57,2026.05.25 11:19:57,XAUUSD,breakout_retest_family,breakout_retest,2026.05.25 05:50:00,SHORT,4555.14,4561.13,4546.16,WOULD_PAPER_SHADOW_OPEN,PAPER_SHADOW_ELIGIBLE,OPENED_THEN_CLOSED,SYNTHETIC_OPENED,CLOSED_STOP,synthetic_stop_hit,5,-1.0000,0.1838,-1.1838,-2.9594,0.0000,-2.9594,NORMAL,NORMAL,0.1838,0.3278,LOW,false,PENDING,side_experiment_only,false,false,Synthetic lifecycle close reason: synthetic_stop_hit. This is not broker or market execution.
PH3LIFE00012,phase3-shadow-lifecycle-side-experiment-v0,PH3SHADOW00012,WS012,FAM00006,2026.05.25 05:50:00,2026.05.25 05:49:57,2026.05.25 11:19:57,XAUUSD,breakout_retest_family,swing_breakout_retest_v0,2026.05.25 05:50:00,SHORT,4555.14,4561.13,4546.16,NO_EXPOSURE_DUPLICATE_IGNORED,DUPLICATE_IGNORED,NO_EXPOSURE_REVIEW_ONLY,NO_SYNTHETIC_OPEN,NO_SYNTHETIC_CLOSE,observer_duplicate,0,0.0000,0.0000,0.0000,-2.9594,0.0000,-2.9594,NORMAL,NORMAL,0.1838,0.3278,LOW,false,PENDING,side_experiment_only,false,false,No synthetic exposure was created; row remains review-only.
PH3LIFE00013,phase3-shadow-lifecycle-side-experiment-v0,PH3SHADOW00013,WS013,FAM00007,2026.05.25 07:40:00,2026.05.25 07:39:56,2026.05.25 13:09:56,XAUUSD,breakout_retest_family,breakout_retest,2026.05.25 07:40:00,SHORT,4553.95,4562.05,4541.80,WOULD_PAPER_SHADOW_OPEN,PAPER_SHADOW_ELIGIBLE,OPENED_THEN_CLOSED,SYNTHETIC_OPENED,CLOSED_TIME_STOP,synthetic_time_stop_small_win,12,0.3500,0.1358,0.2142,-2.7452,0.0000,-2.7452,NORMAL,NORMAL,0.1358,0.3758,LOW,false,PENDING,side_experiment_only,false,false,Synthetic lifecycle close reason: synthetic_time_stop_small_win. This is not broker or market execution.
PH3LIFE00014,phase3-shadow-lifecycle-side-experiment-v0,PH3SHADOW00014,WS014,FAM00007,2026.05.25 07:40:00,2026.05.25 07:39:56,2026.05.25 13:09:56,XAUUSD,breakout_retest_family,swing_breakout_retest_v0,2026.05.25 07:40:00,SHORT,4553.95,4562.05,4541.80,NO_EXPOSURE_DUPLICATE_IGNORED,DUPLICATE_IGNORED,NO_EXPOSURE_REVIEW_ONLY,NO_SYNTHETIC_OPEN,NO_SYNTHETIC_CLOSE,observer_duplicate,0,0.0000,0.0000,0.0000,-2.7452,0.0000,-2.7452,NORMAL,NORMAL,0.1358,0.3758,LOW,false,PENDING,side_experiment_only,false,false,No synthetic exposure was created; row remains review-only.
PH3LIFE00015,phase3-shadow-lifecycle-side-experiment-v0,PH3SHADOW00015,WS015,FAM00008,2026.05.25 12:50:00,2026.05.25 12:50:00,2026.05.25 18:20:00,XAUUSD,breakout_retest_family,breakout_retest,2026.05.25 12:50:00,SHORT,4566.19,4569.52,4561.19,BLOCKED_SUSPEND_FAMILY,SUSPEND_FAMILY_BLOCKED,NO_EXPOSURE_REVIEW_ONLY,NO_SYNTHETIC_OPEN,NO_SYNTHETIC_CLOSE,net_expectancy_below_minimum_after_proxy_cost,0,0.0000,0.0000,0.0000,-2.7452,0.0000,-2.7452,NORMAL,SUSPEND_FAMILY,0.4804,0.0312,HIGH,false,PENDING,side_experiment_only,false,false,No synthetic exposure was created; row remains review-only.
PH3LIFE00016,phase3-shadow-lifecycle-side-experiment-v0,PH3SHADOW00016,WS016,FAM00008,2026.05.25 12:50:00,2026.05.25 12:50:00,2026.05.25 18:20:00,XAUUSD,breakout_retest_family,swing_breakout_retest_v0,2026.05.25 12:50:00,SHORT,4566.19,4569.52,4561.19,NO_EXPOSURE_DUPLICATE_IGNORED,DUPLICATE_IGNORED,NO_EXPOSURE_REVIEW_ONLY,NO_SYNTHETIC_OPEN,NO_SYNTHETIC_CLOSE,observer_duplicate,0,0.0000,0.0000,0.0000,-2.7452,0.0000,-2.7452,NORMAL,SUSPEND_FAMILY,0.4804,0.0312,LOW,false,PENDING,side_experiment_only,false,false,No synthetic exposure was created; row remains review-only.
PH3LIFE00017,phase3-shadow-lifecycle-side-experiment-v0,PH3SHADOW00017,WS017,FAM00009,2026.05.25 13:20:00,2026.05.25 13:20:00,2026.05.25 18:50:00,XAUUSD,breakout_retest_family,breakout_retest,2026.05.25 13:20:00,SHORT,4562.45,4568.88,4552.81,WOULD_PAPER_SHADOW_OPEN,PAPER_SHADOW_ELIGIBLE,OPENED_THEN_CLOSED,SYNTHETIC_OPENED,CLOSED_BREAK_EVEN,synthetic_break_even,6,0.0000,0.1711,-0.1711,-2.9163,0.0000,-2.9163,NORMAL,NORMAL,0.1711,0.3405,LOW,false,PENDING,side_experiment_only,false,false,Synthetic lifecycle close reason: synthetic_break_even. This is not broker or market execution.
PH3LIFE00018,phase3-shadow-lifecycle-side-experiment-v0,PH3SHADOW00018,WS018,FAM00009,2026.05.25 13:20:00,2026.05.25 13:20:00,2026.05.25 18:50:00,XAUUSD,breakout_retest_family,swing_breakout_retest_v0,2026.05.25 13:20:00,SHORT,4562.45,4568.88,4552.81,NO_EXPOSURE_DUPLICATE_IGNORED,DUPLICATE_IGNORED,NO_EXPOSURE_REVIEW_ONLY,NO_SYNTHETIC_OPEN,NO_SYNTHETIC_CLOSE,observer_duplicate,0,0.0000,0.0000,0.0000,-2.9163,0.0000,-2.9163,NORMAL,NORMAL,0.1711,0.3405,LOW,false,PENDING,side_experiment_only,false,false,No synthetic exposure was created; row remains review-only.
PH3LIFE00019,phase3-shadow-lifecycle-side-experiment-v0,PH3SHADOW00019,WS019,FAM00010,2026.05.25 15:05:00,2026.05.25 15:05:00,2026.05.25 20:35:00,XAUUSD,breakout_retest_family,breakout_retest,2026.05.25 15:05:00,LONG,4566.87,4564.95,4569.75,BLOCKED_SUSPEND_FAMILY,SUSPEND_FAMILY_BLOCKED,NO_EXPOSURE_REVIEW_ONLY,NO_SYNTHETIC_OPEN,NO_SYNTHETIC_CLOSE,net_expectancy_below_minimum_after_proxy_cost,0,0.0000,0.0000,0.0000,-2.9163,0.0000,-2.9163,NORMAL,SUSPEND_FAMILY,0.5735,-0.0619,HIGH,false,PENDING,side_experiment_only,false,false,No synthetic exposure was created; row remains review-only.
PH3LIFE00020,phase3-shadow-lifecycle-side-experiment-v0,PH3SHADOW00020,WS020,FAM00010,2026.05.25 15:05:00,2026.05.25 15:05:00,2026.05.25 20:35:00,XAUUSD,breakout_retest_family,swing_breakout_retest_v0,2026.05.25 15:05:00,LONG,4566.87,4564.95,4569.75,NO_EXPOSURE_DUPLICATE_IGNORED,DUPLICATE_IGNORED,NO_EXPOSURE_REVIEW_ONLY,NO_SYNTHETIC_OPEN,NO_SYNTHETIC_CLOSE,observer_duplicate,0,0.0000,0.0000,0.0000,-2.9163,0.0000,-2.9163,NORMAL,SUSPEND_FAMILY,0.5735,-0.0619,LOW,false,PENDING,side_experiment_only,false,false,No synthetic exposure was created; row remains review-only.
PH3LIFE00021,phase3-shadow-lifecycle-side-experiment-v0,PH3SHADOW00021,WS021,FAM00011,2026.05.25 15:15:00,2026.05.25 15:15:00,2026.05.25 20:45:00,XAUUSD,breakout_retest_family,breakout_retest,2026.05.25 15:15:00,LONG,4568.04,4565.21,4572.29,BLOCKED_SUSPEND_FAMILY,SUSPEND_FAMILY_BLOCKED,NO_EXPOSURE_REVIEW_ONLY,NO_SYNTHETIC_OPEN,NO_SYNTHETIC_CLOSE,net_expectancy_below_minimum_after_proxy_cost,0,0.0000,0.0000,0.0000,-2.9163,0.0000,-2.9163,NORMAL,SUSPEND_FAMILY,0.5652,-0.0536,HIGH,false,PENDING,side_experiment_only,false,false,No synthetic exposure was created; row remains review-only.
PH3LIFE00022,phase3-shadow-lifecycle-side-experiment-v0,PH3SHADOW00022,WS022,FAM00011,2026.05.25 15:15:00,2026.05.25 15:15:00,2026.05.25 20:45:00,XAUUSD,breakout_retest_family,swing_breakout_retest_v0,2026.05.25 15:15:00,LONG,4568.04,4565.21,4572.29,NO_EXPOSURE_DUPLICATE_IGNORED,DUPLICATE_IGNORED,NO_EXPOSURE_REVIEW_ONLY,NO_SYNTHETIC_OPEN,NO_SYNTHETIC_CLOSE,observer_duplicate,0,0.0000,0.0000,0.0000,-2.9163,0.0000,-2.9163,NORMAL,SUSPEND_FAMILY,0.5652,-0.0536,LOW,false,PENDING,side_experiment_only,false,false,No synthetic exposure was created; row remains review-only.
PH3LIFE00023,phase3-shadow-lifecycle-side-experiment-v0,PH3SHADOW00023,WS023,FAM00012,2026.05.25 16:45:00,2026.05.25 16:45:00,2026.05.25 22:15:00,XAUUSD,breakout_retest_family,breakout_retest,2026.05.25 16:45:00,LONG,4571.01,4569.24,4573.67,BLOCKED_SUSPEND_FAMILY,SUSPEND_FAMILY_BLOCKED,NO_EXPOSURE_REVIEW_ONLY,NO_SYNTHETIC_OPEN,NO_SYNTHETIC_CLOSE,net_expectancy_below_minimum_after_proxy_cost,0,0.0000,0.0000,0.0000,-2.9163,0.0000,-2.9163,NORMAL,SUSPEND_FAMILY,0.6213,-0.1097,HIGH,false,PENDING,side_experiment_only,false,false,No synthetic exposure was created; row remains review-only.
PH3LIFE00024,phase3-shadow-lifecycle-side-experiment-v0,PH3SHADOW00024,WS024,FAM00012,2026.05.25 16:45:00,2026.05.25 16:45:00,2026.05.25 22:15:00,XAUUSD,breakout_retest_family,swing_breakout_retest_v0,2026.05.25 16:45:00,LONG,4571.01,4569.24,4573.67,NO_EXPOSURE_DUPLICATE_IGNORED,DUPLICATE_IGNORED,NO_EXPOSURE_REVIEW_ONLY,NO_SYNTHETIC_OPEN,NO_SYNTHETIC_CLOSE,observer_duplicate,0,0.0000,0.0000,0.0000,-2.9163,0.0000,-2.9163,NORMAL,SUSPEND_FAMILY,0.6213,-0.1097,LOW,false,PENDING,side_experiment_only,false,false,No synthetic exposure was created; row remains review-only.
PH3LIFE00025,phase3-shadow-lifecycle-side-experiment-v0,PH3SHADOW00025,WS025,FAM00013,2026.05.25 16:50:00,2026.05.25 16:50:00,2026.05.25 22:20:00,XAUUSD,breakout_retest_family,breakout_retest,2026.05.25 16:50:00,LONG,4572.27,4569.98,4575.71,BLOCKED_SUSPEND_FAMILY,SUSPEND_FAMILY_BLOCKED,NO_EXPOSURE_REVIEW_ONLY,NO_SYNTHETIC_OPEN,NO_SYNTHETIC_CLOSE,net_expectancy_below_minimum_after_proxy_cost,0,0.0000,0.0000,0.0000,-2.9163,0.0000,-2.9163,NORMAL,SUSPEND_FAMILY,0.4801,0.0315,HIGH,false,PENDING,side_experiment_only,false,false,No synthetic exposure was created; row remains review-only.
PH3LIFE00026,phase3-shadow-lifecycle-side-experiment-v0,PH3SHADOW00026,WS026,FAM00013,2026.05.25 16:50:00,2026.05.25 16:50:00,2026.05.25 22:20:00,XAUUSD,breakout_retest_family,swing_breakout_retest_v0,2026.05.25 16:50:00,LONG,4572.27,4569.98,4575.71,NO_EXPOSURE_DUPLICATE_IGNORED,DUPLICATE_IGNORED,NO_EXPOSURE_REVIEW_ONLY,NO_SYNTHETIC_OPEN,NO_SYNTHETIC_CLOSE,observer_duplicate,0,0.0000,0.0000,0.0000,-2.9163,0.0000,-2.9163,NORMAL,SUSPEND_FAMILY,0.4801,0.0315,LOW,false,PENDING,side_experiment_only,false,false,No synthetic exposure was created; row remains review-only.
PH3LIFE00027,phase3-shadow-lifecycle-side-experiment-v0,PH3SHADOW00027,WS027,FAM00014,2026.05.25 22:20:00,2026.05.25 22:19:59,2026.05.26 03:49:59,XAUUSD,breakout_retest_family,breakout_retest,2026.05.25 22:20:00,LONG,4574.04,4571.76,4577.46,BLOCKED_SUSPEND_FAMILY,SUSPEND_FAMILY_BLOCKED,NO_EXPOSURE_REVIEW_ONLY,NO_SYNTHETIC_OPEN,NO_SYNTHETIC_CLOSE,net_expectancy_below_minimum_after_proxy_cost,0,0.0000,0.0000,0.0000,-2.9163,0.0000,-2.9163,NORMAL,SUSPEND_FAMILY,0.4822,0.0294,HIGH,false,PENDING,side_experiment_only,false,false,No synthetic exposure was created; row remains review-only.
PH3LIFE00028,phase3-shadow-lifecycle-side-experiment-v0,PH3SHADOW00028,WS028,FAM00014,2026.05.25 22:20:00,2026.05.25 22:19:59,2026.05.26 03:49:59,XAUUSD,breakout_retest_family,swing_breakout_retest_v0,2026.05.25 22:20:00,LONG,4574.04,4571.76,4577.46,NO_EXPOSURE_DUPLICATE_IGNORED,DUPLICATE_IGNORED,NO_EXPOSURE_REVIEW_ONLY,NO_SYNTHETIC_OPEN,NO_SYNTHETIC_CLOSE,observer_duplicate,0,0.0000,0.0000,0.0000,-2.9163,0.0000,-2.9163,NORMAL,SUSPEND_FAMILY,0.4822,0.0294,LOW,false,PENDING,side_experiment_only,false,false,No synthetic exposure was created; row remains review-only.
PH3LIFE00029,phase3-shadow-lifecycle-side-experiment-v0,PH3SHADOW00029,WS029,FAM00015,2026.05.25 22:45:01,2026.05.25 22:44:59,2026.05.26 04:14:59,XAUUSD,breakout_retest_family,breakout_retest,2026.05.25 22:45:00,LONG,4573.37,4569.19,4579.63,WOULD_PAPER_SHADOW_OPEN,PAPER_SHADOW_ELIGIBLE,OPENED_THEN_CLOSED,SYNTHETIC_OPENED,CLOSED_TIME_STOP,synthetic_time_stop_small_loss,12,-0.2500,0.2634,-0.5134,-3.4297,0.0000,-3.4297,SYNTHETIC_DEFENSIVE,NORMAL,0.2634,0.2482,LOW,false,PENDING,side_experiment_only,false,false,Synthetic lifecycle close reason: synthetic_time_stop_small_loss. This is not broker or market execution.
PH3LIFE00030,phase3-shadow-lifecycle-side-experiment-v0,PH3SHADOW00030,WS030,FAM00015,2026.05.25 22:45:01,2026.05.25 22:44:59,2026.05.26 04:14:59,XAUUSD,breakout_retest_family,swing_breakout_retest_v0,2026.05.25 22:45:00,LONG,4573.37,4569.19,4579.63,NO_EXPOSURE_DUPLICATE_IGNORED,DUPLICATE_IGNORED,NO_EXPOSURE_REVIEW_ONLY,NO_SYNTHETIC_OPEN,NO_SYNTHETIC_CLOSE,observer_duplicate,0,0.0000,0.0000,0.0000,-3.4297,0.0000,-3.4297,SYNTHETIC_DEFENSIVE,NORMAL,0.2634,0.2482,LOW,false,PENDING,side_experiment_only,false,false,No synthetic exposure was created; row remains review-only.
PH3LIFE00031,phase3-shadow-lifecycle-side-experiment-v0,PH3SHADOW00031,WS031,FAM00016,2026.05.26 00:55:00,2026.05.26 00:54:58,2026.05.26 06:24:58,XAUUSD,breakout_retest_family,breakout_retest,2026.05.26 00:55:00,SHORT,4544.51,4552.17,4533.02,WOULD_PAPER_SHADOW_OPEN,PAPER_SHADOW_ELIGIBLE,OPENED_THEN_CLOSED,SYNTHETIC_OPENED,CLOSED_STOP,synthetic_stop_hit,5,-1.0000,0.1436,-1.1436,-4.5733,0.0000,-4.5733,SYNTHETIC_DEFENSIVE,NORMAL,0.1436,0.3680,LOW,false,PENDING,side_experiment_only,false,false,Synthetic lifecycle close reason: synthetic_stop_hit. This is not broker or market execution.
PH3LIFE00032,phase3-shadow-lifecycle-side-experiment-v0,PH3SHADOW00032,WS032,FAM00017,2026.05.26 05:50:00,2026.05.26 05:49:57,2026.05.26 11:19:57,XAUUSD,breakout_retest_family,breakout_retest,2026.05.26 05:50:00,SHORT,4527.70,4533.13,4519.56,WOULD_PAPER_SHADOW_OPEN,PAPER_SHADOW_ELIGIBLE,OPENED_THEN_CLOSED,SYNTHETIC_OPENED,CLOSED_BREAK_EVEN,synthetic_break_even,6,0.0000,0.2026,-0.2026,-4.7759,0.0000,-4.7759,SYNTHETIC_DEFENSIVE,NORMAL,0.2026,0.3090,LOW,false,PENDING,side_experiment_only,false,false,Synthetic lifecycle close reason: synthetic_break_even. This is not broker or market execution.
PH3LIFE00033,phase3-shadow-lifecycle-side-experiment-v0,PH3SHADOW00033,WS033,FAM00017,2026.05.26 05:50:00,2026.05.26 05:49:57,2026.05.26 11:19:57,XAUUSD,breakout_retest_family,swing_breakout_retest_v0,2026.05.26 05:50:00,SHORT,4527.70,4533.13,4519.56,NO_EXPOSURE_DUPLICATE_IGNORED,DUPLICATE_IGNORED,NO_EXPOSURE_REVIEW_ONLY,NO_SYNTHETIC_OPEN,NO_SYNTHETIC_CLOSE,observer_duplicate,0,0.0000,0.0000,0.0000,-4.7759,0.0000,-4.7759,SYNTHETIC_DEFENSIVE,NORMAL,0.2026,0.3090,LOW,false,PENDING,side_experiment_only,false,false,No synthetic exposure was created; row remains review-only.
PH3LIFE00034,phase3-shadow-lifecycle-side-experiment-v0,PH3SHADOW00034,WS034,FAM00018,2026.05.26 07:40:00,2026.05.26 07:39:57,2026.05.26 13:09:57,XAUUSD,breakout_retest_family,breakout_retest,2026.05.26 07:40:00,SHORT,4522.83,4530.14,4511.87,WOULD_PAPER_SHADOW_OPEN,PAPER_SHADOW_ELIGIBLE,OPENED_THEN_CLOSED,SYNTHETIC_OPENED,CLOSED_TIME_STOP,synthetic_time_stop_small_loss,12,-0.2500,0.1506,-0.4006,-5.1765,0.0000,-5.1765,SYNTHETIC_DAILY_LOCK,NORMAL,0.1506,0.3610,LOW,false,PENDING,side_experiment_only,false,false,Synthetic lifecycle close reason: synthetic_time_stop_small_loss. This is not broker or market execution.
PH3LIFE00035,phase3-shadow-lifecycle-side-experiment-v0,PH3SHADOW00035,WS035,FAM00018,2026.05.26 07:40:00,2026.05.26 07:39:57,2026.05.26 13:09:57,XAUUSD,breakout_retest_family,swing_breakout_retest_v0,2026.05.26 07:40:00,SHORT,4522.83,4530.14,4511.87,NO_EXPOSURE_DUPLICATE_IGNORED,DUPLICATE_IGNORED,NO_EXPOSURE_REVIEW_ONLY,NO_SYNTHETIC_OPEN,NO_SYNTHETIC_CLOSE,observer_duplicate,0,0.0000,0.0000,0.0000,-5.1765,0.0000,-5.1765,SYNTHETIC_DAILY_LOCK,NORMAL,0.1506,0.3610,LOW,false,PENDING,side_experiment_only,false,false,No synthetic exposure was created; row remains review-only.
PH3LIFE00036,phase3-shadow-lifecycle-side-experiment-v0,PH3SHADOW00036,WS036,FAM00019,2026.05.26 08:30:00,2026.05.26 08:29:56,2026.05.26 13:59:56,XAUUSD,breakout_retest_family,breakout_retest,2026.05.26 08:30:00,SHORT,4525.98,4530.32,4519.46,WOULD_PAPER_SHADOW_OPEN,PAPER_SHADOW_ELIGIBLE,OPENED_THEN_CLOSED,SYNTHETIC_OPENED,CLOSED_STOP,synthetic_stop_hit,5,-1.0000,0.2532,-1.2532,-6.4297,0.0000,-6.4297,SYNTHETIC_DAILY_LOCK,NORMAL,0.2532,0.2584,LOW,false,PENDING,side_experiment_only,false,false,Synthetic lifecycle close reason: synthetic_stop_hit. This is not broker or market execution.
PH3LIFE00037,phase3-shadow-lifecycle-side-experiment-v0,PH3SHADOW00037,WS037,FAM00019,2026.05.26 08:30:00,2026.05.26 08:29:56,2026.05.26 13:59:56,XAUUSD,breakout_retest_family,swing_breakout_retest_v0,2026.05.26 08:30:00,SHORT,4525.98,4530.32,4519.46,NO_EXPOSURE_DUPLICATE_IGNORED,DUPLICATE_IGNORED,NO_EXPOSURE_REVIEW_ONLY,NO_SYNTHETIC_OPEN,NO_SYNTHETIC_CLOSE,observer_duplicate,0,0.0000,0.0000,0.0000,-6.4297,0.0000,-6.4297,SYNTHETIC_DAILY_LOCK,NORMAL,0.2532,0.2584,LOW,false,PENDING,side_experiment_only,false,false,No synthetic exposure was created; row remains review-only.
PH3LIFE00038,phase3-shadow-lifecycle-side-experiment-v0,PH3SHADOW00038,WS038,FAM00020,2026.05.26 12:00:00,2026.05.26 12:00:00,2026.05.26 17:30:00,XAUUSD,breakout_retest_family,breakout_retest,2026.05.26 12:00:00,SHORT,4510.47,4516.04,4502.11,WOULD_PAPER_SHADOW_OPEN,PAPER_SHADOW_ELIGIBLE,OPENED_THEN_CLOSED,SYNTHETIC_OPENED,CLOSED_TIME_STOP,synthetic_time_stop_small_win,12,0.3500,0.2870,0.0630,-6.3667,0.0000,-6.3667,SYNTHETIC_DAILY_LOCK,NORMAL,0.2870,0.2246,LOW,false,PENDING,side_experiment_only,false,false,Synthetic lifecycle close reason: synthetic_time_stop_small_win. This is not broker or market execution.
PH3LIFE00039,phase3-shadow-lifecycle-side-experiment-v0,PH3SHADOW00039,WS039,FAM00020,2026.05.26 12:00:00,2026.05.26 12:00:00,2026.05.26 17:30:00,XAUUSD,breakout_retest_family,swing_breakout_retest_v0,2026.05.26 12:00:00,SHORT,4510.47,4516.04,4502.11,NO_EXPOSURE_DUPLICATE_IGNORED,DUPLICATE_IGNORED,NO_EXPOSURE_REVIEW_ONLY,NO_SYNTHETIC_OPEN,NO_SYNTHETIC_CLOSE,observer_duplicate,0,0.0000,0.0000,0.0000,-6.3667,0.0000,-6.3667,SYNTHETIC_DAILY_LOCK,NORMAL,0.2870,0.2246,LOW,false,PENDING,side_experiment_only,false,false,No synthetic exposure was created; row remains review-only.
PH3LIFE00040,phase3-shadow-lifecycle-side-experiment-v0,PH3SHADOW00040,WS040,FAM00021,2026.05.26 12:15:00,2026.05.26 12:15:00,2026.05.26 17:45:00,XAUUSD,breakout_retest_family,breakout_retest,2026.05.26 12:15:00,SHORT,4506.21,4512.59,4496.64,WOULD_PAPER_SHADOW_OPEN,PAPER_SHADOW_ELIGIBLE,OPENED_THEN_CLOSED,SYNTHETIC_OPENED,CLOSED_TARGET,synthetic_target_hit,8,1.5000,0.1725,1.3275,-5.0392,0.0000,-5.0392,SYNTHETIC_DAILY_LOCK,NORMAL,0.1725,0.3391,LOW,false,PENDING,side_experiment_only,false,false,Synthetic lifecycle close reason: synthetic_target_hit. This is not broker or market execution.
PH3LIFE00041,phase3-shadow-lifecycle-side-experiment-v0,PH3SHADOW00041,WS041,FAM00021,2026.05.26 12:15:00,2026.05.26 12:15:00,2026.05.26 17:45:00,XAUUSD,breakout_retest_family,swing_breakout_retest_v0,2026.05.26 12:15:00,SHORT,4506.21,4512.59,4496.64,NO_EXPOSURE_DUPLICATE_IGNORED,DUPLICATE_IGNORED,NO_EXPOSURE_REVIEW_ONLY,NO_SYNTHETIC_OPEN,NO_SYNTHETIC_CLOSE,observer_duplicate,0,0.0000,0.0000,0.0000,-5.0392,0.0000,-5.0392,SYNTHETIC_DAILY_LOCK,NORMAL,0.1725,0.3391,LOW,false,PENDING,side_experiment_only,false,false,No synthetic exposure was created; row remains review-only.
PH3LIFE00042,phase3-shadow-lifecycle-side-experiment-v0,PH3SHADOW00042,WS042,FAM00022,2026.05.26 12:30:00,2026.05.26 12:30:00,2026.05.26 18:00:00,XAUUSD,breakout_retest_family,breakout_retest,2026.05.26 12:30:00,SHORT,4507.95,4513.28,4499.96,WOULD_PAPER_SHADOW_OPEN,PAPER_SHADOW_ELIGIBLE,OPENED_THEN_CLOSED,SYNTHETIC_OPENED,CLOSED_BREAK_EVEN,synthetic_break_even,6,0.0000,0.2065,-0.2065,-5.2457,0.0000,-5.2457,SYNTHETIC_DAILY_LOCK,NORMAL,0.2065,0.3051,LOW,false,PENDING,side_experiment_only,false,false,Synthetic lifecycle close reason: synthetic_break_even. This is not broker or market execution.
PH3LIFE00043,phase3-shadow-lifecycle-side-experiment-v0,PH3SHADOW00043,WS043,FAM00022,2026.05.26 12:30:00,2026.05.26 12:30:00,2026.05.26 18:00:00,XAUUSD,breakout_retest_family,swing_breakout_retest_v0,2026.05.26 12:30:00,SHORT,4507.95,4513.28,4499.96,NO_EXPOSURE_DUPLICATE_IGNORED,DUPLICATE_IGNORED,NO_EXPOSURE_REVIEW_ONLY,NO_SYNTHETIC_OPEN,NO_SYNTHETIC_CLOSE,observer_duplicate,0,0.0000,0.0000,0.0000,-5.2457,0.0000,-5.2457,SYNTHETIC_DAILY_LOCK,NORMAL,0.2065,0.3051,LOW,false,PENDING,side_experiment_only,false,false,No synthetic exposure was created; row remains review-only.
PH3LIFE00044,phase3-shadow-lifecycle-side-experiment-v0,PH3SHADOW00044,WS044,FAM00023,2026.05.26 13:20:00,2026.05.26 13:20:00,2026.05.26 18:50:00,XAUUSD,breakout_retest_family,breakout_retest,2026.05.26 13:20:00,LONG,4522.42,4515.02,4533.53,WOULD_PAPER_SHADOW_OPEN,PAPER_SHADOW_ELIGIBLE,OPENED_THEN_CLOSED,SYNTHETIC_OPENED,CLOSED_TIME_STOP,synthetic_time_stop_small_loss,12,-0.2500,0.1486,-0.3986,-5.6443,0.0000,-5.6443,SYNTHETIC_DAILY_LOCK,NORMAL,0.1486,0.3630,LOW,false,PENDING,side_experiment_only,false,false,Synthetic lifecycle close reason: synthetic_time_stop_small_loss. This is not broker or market execution.
PH3LIFE00045,phase3-shadow-lifecycle-side-experiment-v0,PH3SHADOW00045,WS045,FAM00023,2026.05.26 13:20:00,2026.05.26 13:20:00,2026.05.26 18:50:00,XAUUSD,breakout_retest_family,swing_breakout_retest_v0,2026.05.26 13:20:00,LONG,4522.42,4515.02,4533.53,NO_EXPOSURE_DUPLICATE_IGNORED,DUPLICATE_IGNORED,NO_EXPOSURE_REVIEW_ONLY,NO_SYNTHETIC_OPEN,NO_SYNTHETIC_CLOSE,observer_duplicate,0,0.0000,0.0000,0.0000,-5.6443,0.0000,-5.6443,SYNTHETIC_DAILY_LOCK,NORMAL,0.1486,0.3630,LOW,false,PENDING,side_experiment_only,false,false,No synthetic exposure was created; row remains review-only.
PH3LIFE00046,phase3-shadow-lifecycle-side-experiment-v0,PH3SHADOW00046,WS046,FAM00024,2026.05.26 14:15:00,2026.05.26 14:14:59,2026.05.26 19:44:59,XAUUSD,breakout_retest_family,breakout_retest,2026.05.26 14:15:00,SHORT,4514.70,4520.85,4505.48,WOULD_PAPER_SHADOW_OPEN,PAPER_SHADOW_ELIGIBLE,OPENED_THEN_CLOSED,SYNTHETIC_OPENED,CLOSED_STOP,synthetic_stop_hit,5,-1.0000,0.1789,-1.1789,-6.8232,0.0000,-6.8232,SYNTHETIC_DAILY_LOCK,NORMAL,0.1789,0.3327,LOW,false,PENDING,side_experiment_only,false,false,Synthetic lifecycle close reason: synthetic_stop_hit. This is not broker or market execution.
PH3LIFE00047,phase3-shadow-lifecycle-side-experiment-v0,PH3SHADOW00047,WS047,FAM00024,2026.05.26 14:15:00,2026.05.26 14:14:59,2026.05.26 19:44:59,XAUUSD,breakout_retest_family,swing_breakout_retest_v0,2026.05.26 14:15:00,SHORT,4514.70,4520.85,4505.48,NO_EXPOSURE_DUPLICATE_IGNORED,DUPLICATE_IGNORED,NO_EXPOSURE_REVIEW_ONLY,NO_SYNTHETIC_OPEN,NO_SYNTHETIC_CLOSE,observer_duplicate,0,0.0000,0.0000,0.0000,-6.8232,0.0000,-6.8232,SYNTHETIC_DAILY_LOCK,NORMAL,0.1789,0.3327,LOW,false,PENDING,side_experiment_only,false,false,No synthetic exposure was created; row remains review-only.
PH3LIFE00048,phase3-shadow-lifecycle-side-experiment-v0,PH3SHADOW00048,WS048,FAM00025,2026.05.26 14:30:00,2026.05.26 14:29:59,2026.05.26 19:59:59,XAUUSD,breakout_retest_family,breakout_retest,2026.05.26 14:30:00,LONG,4517.25,4511.57,4525.76,WOULD_PAPER_SHADOW_OPEN,PAPER_SHADOW_ELIGIBLE,OPENED_THEN_CLOSED,SYNTHETIC_OPENED,CLOSED_TIME_STOP,synthetic_time_stop_small_win,12,0.3500,0.1938,0.1562,-6.6670,0.0000,-6.6670,SYNTHETIC_DAILY_LOCK,NORMAL,0.1938,0.3178,LOW,false,PENDING,side_experiment_only,false,false,Synthetic lifecycle close reason: synthetic_time_stop_small_win. This is not broker or market execution.
PH3LIFE00049,phase3-shadow-lifecycle-side-experiment-v0,PH3SHADOW00049,WS049,FAM00025,2026.05.26 14:30:00,2026.05.26 14:29:59,2026.05.26 19:59:59,XAUUSD,breakout_retest_family,swing_breakout_retest_v0,2026.05.26 14:30:00,LONG,4517.25,4511.57,4525.76,NO_EXPOSURE_DUPLICATE_IGNORED,DUPLICATE_IGNORED,NO_EXPOSURE_REVIEW_ONLY,NO_SYNTHETIC_OPEN,NO_SYNTHETIC_CLOSE,observer_duplicate,0,0.0000,0.0000,0.0000,-6.6670,0.0000,-6.6670,SYNTHETIC_DAILY_LOCK,NORMAL,0.1938,0.3178,LOW,false,PENDING,side_experiment_only,false,false,No synthetic exposure was created; row remains review-only.
PH3LIFE00050,phase3-shadow-lifecycle-side-experiment-v0,PH3SHADOW00050,WS050,FAM00026,2026.05.26 15:00:00,2026.05.26 14:59:59,2026.05.26 20:29:59,XAUUSD,breakout_retest_family,breakout_retest,2026.05.26 15:00:00,SHORT,4515.46,4519.95,4508.73,WOULD_PAPER_SHADOW_OPEN,PAPER_SHADOW_ELIGIBLE,OPENED_THEN_CLOSED,SYNTHETIC_OPENED,CLOSED_TARGET,synthetic_target_hit,8,1.5000,0.2452,1.2548,-5.4122,0.0000,-5.4122,SYNTHETIC_DAILY_LOCK,NORMAL,0.2452,0.2664,LOW,false,PENDING,side_experiment_only,false,false,Synthetic lifecycle close reason: synthetic_target_hit. This is not broker or market execution.
PH3LIFE00051,phase3-shadow-lifecycle-side-experiment-v0,PH3SHADOW00051,WS051,FAM00026,2026.05.26 15:00:00,2026.05.26 14:59:59,2026.05.26 20:29:59,XAUUSD,breakout_retest_family,swing_breakout_retest_v0,2026.05.26 15:00:00,SHORT,4515.46,4519.95,4508.73,NO_EXPOSURE_DUPLICATE_IGNORED,DUPLICATE_IGNORED,NO_EXPOSURE_REVIEW_ONLY,NO_SYNTHETIC_OPEN,NO_SYNTHETIC_CLOSE,observer_duplicate,0,0.0000,0.0000,0.0000,-5.4122,0.0000,-5.4122,SYNTHETIC_DAILY_LOCK,NORMAL,0.2452,0.2664,LOW,false,PENDING,side_experiment_only,false,false,No synthetic exposure was created; row remains review-only.
PH3LIFE00052,phase3-shadow-lifecycle-side-experiment-v0,PH3SHADOW00052,WS052,FAM00027,2026.05.26 15:05:01,2026.05.26 15:05:00,2026.05.26 20:35:00,XAUUSD,breakout_retest_family,breakout_retest,2026.05.26 15:05:00,SHORT,4512.45,4516.62,4506.19,WOULD_PAPER_SHADOW_OPEN,PAPER_SHADOW_ELIGIBLE,OPENED_THEN_CLOSED,SYNTHETIC_OPENED,CLOSED_BREAK_EVEN,synthetic_break_even,6,0.0000,0.2636,-0.2636,-5.6758,0.0000,-5.6758,SYNTHETIC_DAILY_LOCK,NORMAL,0.2636,0.2480,LOW,false,PENDING,side_experiment_only,false,false,Synthetic lifecycle close reason: synthetic_break_even. This is not broker or market execution.
PH3LIFE00053,phase3-shadow-lifecycle-side-experiment-v0,PH3SHADOW00053,WS053,FAM00027,2026.05.26 15:05:01,2026.05.26 15:05:00,2026.05.26 20:35:00,XAUUSD,breakout_retest_family,swing_breakout_retest_v0,2026.05.26 15:05:00,SHORT,4512.45,4516.62,4506.19,NO_EXPOSURE_DUPLICATE_IGNORED,DUPLICATE_IGNORED,NO_EXPOSURE_REVIEW_ONLY,NO_SYNTHETIC_OPEN,NO_SYNTHETIC_CLOSE,observer_duplicate,0,0.0000,0.0000,0.0000,-5.6758,0.0000,-5.6758,SYNTHETIC_DAILY_LOCK,NORMAL,0.2636,0.2480,LOW,false,PENDING,side_experiment_only,false,false,No synthetic exposure was created; row remains review-only.
PH3LIFE00054,phase3-shadow-lifecycle-side-experiment-v0,PH3SHADOW00054,WS054,FAM00028,2026.05.26 15:35:00,2026.05.26 15:34:59,2026.05.26 21:04:59,XAUUSD,breakout_retest_family,breakout_retest,2026.05.26 15:35:00,SHORT,4504.70,4508.69,4498.72,WOULD_PAPER_SHADOW_OPEN,PAPER_SHADOW_ELIGIBLE,OPENED_THEN_CLOSED,SYNTHETIC_OPENED,CLOSED_TIME_STOP,synthetic_time_stop_small_loss,12,-0.2500,0.2760,-0.5260,-6.2018,0.0000,-6.2018,SYNTHETIC_DAILY_LOCK,NORMAL,0.2760,0.2356,LOW,false,PENDING,side_experiment_only,false,false,Synthetic lifecycle close reason: synthetic_time_stop_small_loss. This is not broker or market execution.
PH3LIFE00055,phase3-shadow-lifecycle-side-experiment-v0,PH3SHADOW00055,WS055,FAM00028,2026.05.26 15:35:00,2026.05.26 15:34:59,2026.05.26 21:04:59,XAUUSD,breakout_retest_family,swing_breakout_retest_v0,2026.05.26 15:35:00,SHORT,4504.70,4508.69,4498.72,NO_EXPOSURE_DUPLICATE_IGNORED,DUPLICATE_IGNORED,NO_EXPOSURE_REVIEW_ONLY,NO_SYNTHETIC_OPEN,NO_SYNTHETIC_CLOSE,observer_duplicate,0,0.0000,0.0000,0.0000,-6.2018,0.0000,-6.2018,SYNTHETIC_DAILY_LOCK,NORMAL,0.2760,0.2356,LOW,false,PENDING,side_experiment_only,false,false,No synthetic exposure was created; row remains review-only.
PH3LIFE00056,phase3-shadow-lifecycle-side-experiment-v0,PH3SHADOW00056,WS056,FAM00029,2026.05.26 16:05:00,2026.05.26 16:04:59,2026.05.26 21:34:59,XAUUSD,breakout_retest_family,breakout_retest,2026.05.26 16:05:00,SHORT,4505.95,4509.94,4499.96,WOULD_PAPER_SHADOW_OPEN,PAPER_SHADOW_ELIGIBLE,OPENED_THEN_CLOSED,SYNTHETIC_OPENED,CLOSED_STOP,synthetic_stop_hit,5,-1.0000,0.2754,-1.2754,-7.4772,0.0000,-7.4772,SYNTHETIC_DAILY_LOCK,NORMAL,0.2754,0.2362,LOW,false,PENDING,side_experiment_only,false,false,Synthetic lifecycle close reason: synthetic_stop_hit. This is not broker or market execution.
PH3LIFE00057,phase3-shadow-lifecycle-side-experiment-v0,PH3SHADOW00057,WS057,FAM00029,2026.05.26 16:05:00,2026.05.26 16:04:59,2026.05.26 21:34:59,XAUUSD,breakout_retest_family,swing_breakout_retest_v0,2026.05.26 16:05:00,SHORT,4505.95,4509.94,4499.96,NO_EXPOSURE_DUPLICATE_IGNORED,DUPLICATE_IGNORED,NO_EXPOSURE_REVIEW_ONLY,NO_SYNTHETIC_OPEN,NO_SYNTHETIC_CLOSE,observer_duplicate,0,0.0000,0.0000,0.0000,-7.4772,0.0000,-7.4772,SYNTHETIC_DAILY_LOCK,NORMAL,0.2754,0.2362,LOW,false,PENDING,side_experiment_only,false,false,No synthetic exposure was created; row remains review-only.
PH3LIFE00058,phase3-shadow-lifecycle-side-experiment-v0,PH3SHADOW00058,WS058,FAM00030,2026.05.26 16:10:00,2026.05.26 16:09:59,2026.05.26 21:39:59,XAUUSD,breakout_retest_family,breakout_retest,2026.05.26 16:10:00,SHORT,4505.20,4508.77,4499.85,WOULD_PAPER_SHADOW_OPEN,PAPER_SHADOW_ELIGIBLE,OPENED_THEN_COST_DRIFT_CLOSED,SYNTHETIC_OPENED,CLOSED_BY_COST_DRIFT,cost_drift_exit,3,0.2500,0.3082,-0.0582,-7.5354,0.0000,-7.5354,SYNTHETIC_DAILY_LOCK,NORMAL,0.3082,0.2034,LOW,false,PENDING,side_experiment_only,false,false,Synthetic lifecycle close reason: cost_drift_exit. This is not broker or market execution.
PH3LIFE00059,phase3-shadow-lifecycle-side-experiment-v0,PH3SHADOW00059,WS059,FAM00030,2026.05.26 16:10:00,2026.05.26 16:09:59,2026.05.26 21:39:59,XAUUSD,breakout_retest_family,swing_breakout_retest_v0,2026.05.26 16:10:00,SHORT,4505.20,4508.77,4499.85,NO_EXPOSURE_DUPLICATE_IGNORED,DUPLICATE_IGNORED,NO_EXPOSURE_REVIEW_ONLY,NO_SYNTHETIC_OPEN,NO_SYNTHETIC_CLOSE,observer_duplicate,0,0.0000,0.0000,0.0000,-7.5354,0.0000,-7.5354,SYNTHETIC_DAILY_LOCK,NORMAL,0.3082,0.2034,LOW,false,PENDING,side_experiment_only,false,false,No synthetic exposure was created; row remains review-only.
PH3LIFE00060,phase3-shadow-lifecycle-side-experiment-v0,PH3SHADOW00060,WS060,FAM00031,2026.05.26 16:50:00,2026.05.26 16:49:59,2026.05.26 22:19:59,XAUUSD,breakout_retest_family,breakout_retest,2026.05.26 16:50:00,SHORT,4505.97,4509.09,4501.29,WOULD_PAPER_SHADOW_OPEN_REVIEW,COST_WATCH_OPEN_WITH_REVIEW,OPENED_THEN_REVIEW_CLOSED,SYNTHETIC_OPENED_REVIEW_ONLY,CLOSED_BY_REVIEW,cost_watch_review_exit,1,0.0000,0.3525,-0.3525,-7.8879,0.0000,-7.8879,SYNTHETIC_DAILY_LOCK,COST_WATCH,0.3525,0.1591,MEDIUM,false,PENDING,side_experiment_only,false,false,Synthetic lifecycle close reason: cost_watch_review_exit. This is not broker or market execution.
PH3LIFE00061,phase3-shadow-lifecycle-side-experiment-v0,PH3SHADOW00061,WS061,FAM00031,2026.05.26 16:50:00,2026.05.26 16:49:59,2026.05.26 22:19:59,XAUUSD,breakout_retest_family,swing_breakout_retest_v0,2026.05.26 16:50:00,SHORT,4505.97,4509.09,4501.29,NO_EXPOSURE_DUPLICATE_IGNORED,DUPLICATE_IGNORED,NO_EXPOSURE_REVIEW_ONLY,NO_SYNTHETIC_OPEN,NO_SYNTHETIC_CLOSE,observer_duplicate,0,0.0000,0.0000,0.0000,-7.8879,0.0000,-7.8879,SYNTHETIC_DAILY_LOCK,COST_WATCH,0.3525,0.1591,LOW,false,PENDING,side_experiment_only,false,false,No synthetic exposure was created; row remains review-only.
PH3LIFE00062,phase3-shadow-lifecycle-side-experiment-v0,PH3SHADOW00062,WS064,FAM00032,2026.05.26 22:20:00,2026.05.26 22:19:58,2026.05.27 03:49:58,XAUUSD,breakout_retest_family,breakout_retest,2026.05.26 22:20:00,LONG,4510.11,4500.06,4525.19,WOULD_PAPER_SHADOW_OPEN,PAPER_SHADOW_ELIGIBLE,OPENED_THEN_CLOSED,SYNTHETIC_OPENED,CLOSED_BREAK_EVEN,synthetic_break_even,6,0.0000,0.1592,-0.1592,-8.0471,0.0000,-8.0471,SYNTHETIC_DAILY_LOCK,NORMAL,0.1592,0.3524,LOW,false,PENDING,side_experiment_only,false,false,Synthetic lifecycle close reason: synthetic_break_even. This is not broker or market execution.
PH3LIFE00063,phase3-shadow-lifecycle-side-experiment-v0,PH3SHADOW00063,WS065,FAM00032,2026.05.26 22:20:00,2026.05.26 22:19:58,2026.05.27 03:49:58,XAUUSD,breakout_retest_family,swing_breakout_retest_v0,2026.05.26 22:20:00,LONG,4510.11,4500.06,4525.19,NO_EXPOSURE_DUPLICATE_IGNORED,DUPLICATE_IGNORED,NO_EXPOSURE_REVIEW_ONLY,NO_SYNTHETIC_OPEN,NO_SYNTHETIC_CLOSE,observer_duplicate,0,0.0000,0.0000,0.0000,-8.0471,0.0000,-8.0471,SYNTHETIC_DAILY_LOCK,NORMAL,0.1592,0.3524,LOW,false,PENDING,side_experiment_only,false,false,No synthetic exposure was created; row remains review-only.
PH3LIFE00064,phase3-shadow-lifecycle-side-experiment-v0,PH3SHADOW00064,WS066,FAM00033,2026.05.27 01:15:01,2026.05.27 01:14:58,2026.05.27 06:44:58,XAUUSD,breakout_retest_family,breakout_retest,2026.05.27 01:15:00,LONG,4517.33,4512.05,4525.26,WOULD_PAPER_SHADOW_OPEN,PAPER_SHADOW_ELIGIBLE,OPENED_THEN_COST_DRIFT_CLOSED,SYNTHETIC_OPENED,CLOSED_BY_COST_DRIFT,cost_drift_exit,3,0.2500,0.3027,-0.0527,-8.0998,0.0000,-8.0998,SYNTHETIC_DAILY_LOCK,NORMAL,0.3027,0.2089,LOW,false,PENDING,side_experiment_only,false,false,Synthetic lifecycle close reason: cost_drift_exit. This is not broker or market execution.
PH3LIFE00065,phase3-shadow-lifecycle-side-experiment-v0,PH3SHADOW00065,WS067,FAM00033,2026.05.27 01:15:01,2026.05.27 01:14:58,2026.05.27 06:44:58,XAUUSD,breakout_retest_family,swing_breakout_retest_v0,2026.05.27 01:15:00,LONG,4517.33,4512.05,4525.26,NO_EXPOSURE_DUPLICATE_IGNORED,DUPLICATE_IGNORED,NO_EXPOSURE_REVIEW_ONLY,NO_SYNTHETIC_OPEN,NO_SYNTHETIC_CLOSE,observer_duplicate,0,0.0000,0.0000,0.0000,-8.0998,0.0000,-8.0998,SYNTHETIC_DAILY_LOCK,NORMAL,0.3027,0.2089,LOW,false,PENDING,side_experiment_only,false,false,No synthetic exposure was created; row remains review-only.
PH3LIFE00066,phase3-shadow-lifecycle-side-experiment-v0,PH3SHADOW00066,WS068,FAM00034,2026.05.27 06:05:00,2026.05.27 06:04:56,2026.05.27 11:34:56,XAUUSD,breakout_retest_family,breakout_retest,2026.05.27 06:05:00,SHORT,4496.22,4500.36,4490.01,BLOCKED_SUSPEND_FAMILY,SUSPEND_FAMILY_BLOCKED,NO_EXPOSURE_REVIEW_ONLY,NO_SYNTHETIC_OPEN,NO_SYNTHETIC_CLOSE,net_expectancy_below_minimum_after_proxy_cost,0,0.0000,0.0000,0.0000,-8.0998,0.0000,-8.0998,SYNTHETIC_DAILY_LOCK,SUSPEND_FAMILY,0.3867,0.1249,HIGH,false,PENDING,side_experiment_only,false,false,No synthetic exposure was created; row remains review-only.
PH3LIFE00067,phase3-shadow-lifecycle-side-experiment-v0,PH3SHADOW00067,WS069,FAM00034,2026.05.27 06:05:00,2026.05.27 06:04:56,2026.05.27 11:34:56,XAUUSD,breakout_retest_family,swing_breakout_retest_v0,2026.05.27 06:05:00,SHORT,4496.22,4500.36,4490.01,NO_EXPOSURE_DUPLICATE_IGNORED,DUPLICATE_IGNORED,NO_EXPOSURE_REVIEW_ONLY,NO_SYNTHETIC_OPEN,NO_SYNTHETIC_CLOSE,observer_duplicate,0,0.0000,0.0000,0.0000,-8.0998,0.0000,-8.0998,SYNTHETIC_DAILY_LOCK,SUSPEND_FAMILY,0.3867,0.1249,LOW,false,PENDING,side_experiment_only,false,false,No synthetic exposure was created; row remains review-only.
PH3LIFE00068,phase3-shadow-lifecycle-side-experiment-v0,PH3SHADOW00068,WS070,FAM00035,2026.05.27 07:55:00,2026.05.27 07:54:56,2026.05.27 13:24:56,XAUUSD,breakout_retest_family,breakout_retest,2026.05.27 07:55:00,SHORT,4477.70,4484.29,4467.81,WOULD_PAPER_SHADOW_OPEN,PAPER_SHADOW_ELIGIBLE,OPENED_THEN_CLOSED,SYNTHETIC_OPENED,CLOSED_TIME_STOP,synthetic_time_stop_small_win,12,0.3500,0.2427,0.1073,-7.9925,0.0000,-7.9925,SYNTHETIC_DAILY_LOCK,NORMAL,0.2427,0.2689,LOW,false,PENDING,side_experiment_only,false,false,Synthetic lifecycle close reason: synthetic_time_stop_small_win. This is not broker or market execution.
PH3LIFE00069,phase3-shadow-lifecycle-side-experiment-v0,PH3SHADOW00069,WS071,FAM00036,2026.05.27 08:45:00,2026.05.27 08:44:56,2026.05.27 14:14:56,XAUUSD,breakout_retest_family,breakout_retest,2026.05.27 08:45:00,LONG,4492.69,4487.80,4500.02,WOULD_PAPER_SHADOW_OPEN,PAPER_SHADOW_ELIGIBLE,OPENED_THEN_CLOSED,SYNTHETIC_OPENED,CLOSED_TIME_STOP,synthetic_time_stop_small_loss,12,-0.2500,0.2252,-0.4752,-8.4677,0.0000,-8.4677,SYNTHETIC_DAILY_LOCK,NORMAL,0.2252,0.2864,LOW,false,PENDING,side_experiment_only,false,false,Synthetic lifecycle close reason: synthetic_time_stop_small_loss. This is not broker or market execution.
PH3LIFE00070,phase3-shadow-lifecycle-side-experiment-v0,PH3SHADOW00070,WS072,FAM00036,2026.05.27 08:45:00,2026.05.27 08:44:56,2026.05.27 14:14:56,XAUUSD,breakout_retest_family,swing_breakout_retest_v0,2026.05.27 08:45:00,LONG,4492.69,4487.80,4500.02,NO_EXPOSURE_DUPLICATE_IGNORED,DUPLICATE_IGNORED,NO_EXPOSURE_REVIEW_ONLY,NO_SYNTHETIC_OPEN,NO_SYNTHETIC_CLOSE,observer_duplicate,0,0.0000,0.0000,0.0000,-8.4677,0.0000,-8.4677,SYNTHETIC_DAILY_LOCK,NORMAL,0.2252,0.2864,LOW,false,PENDING,side_experiment_only,false,false,No synthetic exposure was created; row remains review-only.
PH3LIFE00071,phase3-shadow-lifecycle-side-experiment-v0,PH3SHADOW00071,WS073,FAM00037,2026.05.27 09:15:00,2026.05.27 09:14:56,2026.05.27 14:44:56,XAUUSD,breakout_retest_family,breakout_retest,2026.05.27 09:15:00,LONG,4492.27,4488.02,4498.64,WOULD_PAPER_SHADOW_OPEN,PAPER_SHADOW_ELIGIBLE,OPENED_THEN_CLOSED,SYNTHETIC_OPENED,CLOSED_STOP,synthetic_stop_hit,5,-1.0000,0.2591,-1.2591,-9.7268,0.0000,-9.7268,SYNTHETIC_DAILY_LOCK,NORMAL,0.2591,0.2525,LOW,false,PENDING,side_experiment_only,false,false,Synthetic lifecycle close reason: synthetic_stop_hit. This is not broker or market execution.
PH3LIFE00072,phase3-shadow-lifecycle-side-experiment-v0,PH3SHADOW00072,WS074,FAM00037,2026.05.27 09:15:00,2026.05.27 09:14:56,2026.05.27 14:44:56,XAUUSD,breakout_retest_family,swing_breakout_retest_v0,2026.05.27 09:15:00,LONG,4492.27,4488.02,4498.64,NO_EXPOSURE_DUPLICATE_IGNORED,DUPLICATE_IGNORED,NO_EXPOSURE_REVIEW_ONLY,NO_SYNTHETIC_OPEN,NO_SYNTHETIC_CLOSE,observer_duplicate,0,0.0000,0.0000,0.0000,-9.7268,0.0000,-9.7268,SYNTHETIC_DAILY_LOCK,NORMAL,0.2591,0.2525,LOW,false,PENDING,side_experiment_only,false,false,No synthetic exposure was created; row remains review-only.
PH3LIFE00073,phase3-shadow-lifecycle-side-experiment-v0,PH3SHADOW00073,WS075,FAM00038,2026.05.27 09:40:00,2026.05.27 09:39:56,2026.05.27 15:09:56,XAUUSD,breakout_retest_family,breakout_retest,2026.05.27 09:40:00,LONG,4490.62,4486.31,4497.08,WOULD_PAPER_SHADOW_OPEN,PAPER_SHADOW_ELIGIBLE,OPENED_THEN_CLOSED,SYNTHETIC_OPENED,CLOSED_TIME_STOP,synthetic_time_stop_small_win,12,0.3500,0.2554,0.0946,-9.6322,0.0000,-9.6322,SYNTHETIC_DAILY_LOCK,NORMAL,0.2554,0.2562,LOW,false,PENDING,side_experiment_only,false,false,Synthetic lifecycle close reason: synthetic_time_stop_small_win. This is not broker or market execution.
PH3LIFE00074,phase3-shadow-lifecycle-side-experiment-v0,PH3SHADOW00074,WS076,FAM00038,2026.05.27 09:40:00,2026.05.27 09:39:56,2026.05.27 15:09:56,XAUUSD,breakout_retest_family,swing_breakout_retest_v0,2026.05.27 09:40:00,LONG,4490.62,4486.31,4497.08,NO_EXPOSURE_DUPLICATE_IGNORED,DUPLICATE_IGNORED,NO_EXPOSURE_REVIEW_ONLY,NO_SYNTHETIC_OPEN,NO_SYNTHETIC_CLOSE,observer_duplicate,0,0.0000,0.0000,0.0000,-9.6322,0.0000,-9.6322,SYNTHETIC_DAILY_LOCK,NORMAL,0.2554,0.2562,LOW,false,PENDING,side_experiment_only,false,false,No synthetic exposure was created; row remains review-only.
PH3LIFE00075,phase3-shadow-lifecycle-side-experiment-v0,PH3SHADOW00075,WS077,FAM00039,2026.05.27 09:55:03,2026.05.27 09:54:59,2026.05.27 15:24:59,XAUUSD,breakout_retest_family,breakout_retest,2026.05.27 09:55:00,LONG,4489.79,4487.67,4492.97,BLOCKED_SUSPEND_FAMILY,SUSPEND_FAMILY_BLOCKED,NO_EXPOSURE_REVIEW_ONLY,NO_SYNTHETIC_OPEN,NO_SYNTHETIC_CLOSE,net_expectancy_below_minimum_after_proxy_cost,0,0.0000,0.0000,0.0000,-9.6322,0.0000,-9.6322,SYNTHETIC_DAILY_LOCK,SUSPEND_FAMILY,0.5197,-0.0081,HIGH,false,PENDING,side_experiment_only,false,false,No synthetic exposure was created; row remains review-only.
PH3LIFE00076,phase3-shadow-lifecycle-side-experiment-v0,PH3SHADOW00076,WS078,FAM00039,2026.05.27 09:55:03,2026.05.27 09:54:59,2026.05.27 15:24:59,XAUUSD,breakout_retest_family,swing_breakout_retest_v0,2026.05.27 09:55:00,LONG,4489.79,4487.67,4492.97,NO_EXPOSURE_DUPLICATE_IGNORED,DUPLICATE_IGNORED,NO_EXPOSURE_REVIEW_ONLY,NO_SYNTHETIC_OPEN,NO_SYNTHETIC_CLOSE,observer_duplicate,0,0.0000,0.0000,0.0000,-9.6322,0.0000,-9.6322,SYNTHETIC_DAILY_LOCK,SUSPEND_FAMILY,0.5197,-0.0081,LOW,false,PENDING,side_experiment_only,false,false,No synthetic exposure was created; row remains review-only.
PH3LIFE00077,phase3-shadow-lifecycle-side-experiment-v0,PH3SHADOW00077,WS079,FAM00040,2026.05.27 11:55:00,2026.05.27 11:55:00,2026.05.27 17:25:00,XAUUSD,breakout_retest_family,breakout_retest,2026.05.27 11:55:00,SHORT,4438.79,4445.41,4428.86,WOULD_PAPER_SHADOW_OPEN,PAPER_SHADOW_ELIGIBLE,OPENED_THEN_CLOSED,SYNTHETIC_OPENED,CLOSED_BREAK_EVEN,synthetic_break_even,6,0.0000,0.1661,-0.1661,-9.7983,0.0000,-9.7983,SYNTHETIC_DAILY_LOCK,NORMAL,0.1661,0.3455,LOW,false,PENDING,side_experiment_only,false,false,Synthetic lifecycle close reason: synthetic_break_even. This is not broker or market execution.
PH3LIFE00078,phase3-shadow-lifecycle-side-experiment-v0,PH3SHADOW00078,WS080,FAM00040,2026.05.27 11:55:00,2026.05.27 11:55:00,2026.05.27 17:25:00,XAUUSD,breakout_retest_family,swing_breakout_retest_v0,2026.05.27 11:55:00,SHORT,4438.79,4445.41,4428.86,NO_EXPOSURE_DUPLICATE_IGNORED,DUPLICATE_IGNORED,NO_EXPOSURE_REVIEW_ONLY,NO_SYNTHETIC_OPEN,NO_SYNTHETIC_CLOSE,observer_duplicate,0,0.0000,0.0000,0.0000,-9.7983,0.0000,-9.7983,SYNTHETIC_DAILY_LOCK,NORMAL,0.1661,0.3455,LOW,false,PENDING,side_experiment_only,false,false,No synthetic exposure was created; row remains review-only.
PH3LIFE00079,phase3-shadow-lifecycle-side-experiment-v0,PH3SHADOW00079,WS081,FAM00041,2026.05.27 12:45:00,2026.05.27 12:45:00,2026.05.27 18:15:00,XAUUSD,breakout_retest_family,breakout_retest,2026.05.27 12:45:00,SHORT,4444.51,4454.29,4429.84,WOULD_PAPER_SHADOW_OPEN,PAPER_SHADOW_ELIGIBLE,OPENED_THEN_CLOSED,SYNTHETIC_OPENED,CLOSED_TIME_STOP,synthetic_time_stop_small_loss,12,-0.2500,0.1124,-0.3624,-10.1607,0.0000,-10.1607,SYNTHETIC_DAILY_LOCK,NORMAL,0.1124,0.3992,LOW,false,PENDING,side_experiment_only,false,false,Synthetic lifecycle close reason: synthetic_time_stop_small_loss. This is not broker or market execution.
PH3LIFE00080,phase3-shadow-lifecycle-side-experiment-v0,PH3SHADOW00080,WS082,FAM00042,2026.05.27 15:50:00,2026.05.27 15:49:59,2026.05.27 21:19:59,XAUUSD,breakout_retest_family,breakout_retest,2026.05.27 15:50:00,SHORT,4432.76,4441.56,4419.55,WOULD_PAPER_SHADOW_OPEN,PAPER_SHADOW_ELIGIBLE,OPENED_THEN_CLOSED,SYNTHETIC_OPENED,CLOSED_TARGET,synthetic_target_hit,8,1.5000,0.1817,1.3183,-8.8424,0.0000,-8.8424,SYNTHETIC_DAILY_LOCK,NORMAL,0.1817,0.3299,LOW,false,PENDING,side_experiment_only,false,false,Synthetic lifecycle close reason: synthetic_target_hit. This is not broker or market execution.
PH3LIFE00081,phase3-shadow-lifecycle-side-experiment-v0,PH3SHADOW00081,WS083,FAM00042,2026.05.27 15:50:00,2026.05.27 15:49:59,2026.05.27 21:19:59,XAUUSD,breakout_retest_family,swing_breakout_retest_v0,2026.05.27 15:50:00,SHORT,4432.76,4441.56,4419.55,NO_EXPOSURE_DUPLICATE_IGNORED,DUPLICATE_IGNORED,NO_EXPOSURE_REVIEW_ONLY,NO_SYNTHETIC_OPEN,NO_SYNTHETIC_CLOSE,observer_duplicate,0,0.0000,0.0000,0.0000,-8.8424,0.0000,-8.8424,SYNTHETIC_DAILY_LOCK,NORMAL,0.1817,0.3299,LOW,false,PENDING,side_experiment_only,false,false,No synthetic exposure was created; row remains review-only.
PH3LIFE00082,phase3-shadow-lifecycle-side-experiment-v0,PH3SHADOW00082,WS084,FAM00043,2026.05.27 17:20:00,2026.05.27 17:19:59,2026.05.27 22:49:59,XAUUSD,breakout_retest_family,breakout_retest,2026.05.27 17:20:00,LONG,4445.62,4440.92,4452.66,WOULD_PAPER_SHADOW_OPEN,PAPER_SHADOW_ELIGIBLE,OPENED_THEN_CLOSED,SYNTHETIC_OPENED,CLOSED_BREAK_EVEN,synthetic_break_even,6,0.0000,0.2343,-0.2343,-9.0767,0.0000,-9.0767,SYNTHETIC_DAILY_LOCK,NORMAL,0.2343,0.2773,LOW,false,PENDING,side_experiment_only,false,false,Synthetic lifecycle close reason: synthetic_break_even. This is not broker or market execution.
PH3LIFE00083,phase3-shadow-lifecycle-side-experiment-v0,PH3SHADOW00083,WS085,FAM00043,2026.05.27 17:20:00,2026.05.27 17:19:59,2026.05.27 22:49:59,XAUUSD,breakout_retest_family,swing_breakout_retest_v0,2026.05.27 17:20:00,LONG,4445.62,4440.92,4452.66,NO_EXPOSURE_DUPLICATE_IGNORED,DUPLICATE_IGNORED,NO_EXPOSURE_REVIEW_ONLY,NO_SYNTHETIC_OPEN,NO_SYNTHETIC_CLOSE,observer_duplicate,0,0.0000,0.0000,0.0000,-9.0767,0.0000,-9.0767,SYNTHETIC_DAILY_LOCK,NORMAL,0.2343,0.2773,LOW,false,PENDING,side_experiment_only,false,false,No synthetic exposure was created; row remains review-only.
PH3LIFE00084,phase3-shadow-lifecycle-side-experiment-v0,PH3SHADOW00084,WS086,FAM00044,2026.05.27 17:40:00,2026.05.27 17:39:59,2026.05.27 23:09:59,XAUUSD,breakout_retest_family,breakout_retest,2026.05.27 17:40:00,SHORT,4449.77,4453.56,4444.08,WOULD_PAPER_SHADOW_OPEN,PAPER_SHADOW_ELIGIBLE,OPENED_THEN_CLOSED,SYNTHETIC_OPENED,CLOSED_TIME_STOP,synthetic_time_stop_small_loss,12,-0.2500,0.2902,-0.5402,-9.6169,0.0000,-9.6169,SYNTHETIC_DAILY_LOCK,NORMAL,0.2902,0.2214,LOW,false,PENDING,side_experiment_only,false,false,Synthetic lifecycle close reason: synthetic_time_stop_small_loss. This is not broker or market execution.
PH3LIFE00085,phase3-shadow-lifecycle-side-experiment-v0,PH3SHADOW00085,WS087,FAM00045,2026.05.27 17:45:00,2026.05.27 17:44:59,2026.05.27 23:14:59,XAUUSD,breakout_retest_family,breakout_retest,2026.05.27 17:45:00,SHORT,4450.76,4454.54,4445.10,WOULD_PAPER_SHADOW_OPEN,PAPER_SHADOW_ELIGIBLE,OPENED_THEN_CLOSED,SYNTHETIC_OPENED,CLOSED_TARGET,synthetic_target_hit,8,1.5000,0.2913,1.2087,-8.4082,0.0000,-8.4082,SYNTHETIC_DAILY_LOCK,NORMAL,0.2913,0.2203,LOW,false,PENDING,side_experiment_only,false,false,Synthetic lifecycle close reason: synthetic_target_hit. This is not broker or market execution.
PH3LIFE00086,phase3-shadow-lifecycle-side-experiment-v0,PH3SHADOW00086,WS088,FAM00046,2026.05.27 18:00:00,2026.05.27 17:59:59,2026.05.27 23:29:59,XAUUSD,breakout_retest_family,breakout_retest,2026.05.27 18:00:00,SHORT,4450.47,4453.92,4445.30,BLOCKED_SUSPEND_FAMILY,SUSPEND_FAMILY_BLOCKED,NO_EXPOSURE_REVIEW_ONLY,NO_SYNTHETIC_OPEN,NO_SYNTHETIC_CLOSE,net_expectancy_below_minimum_after_proxy_cost,0,0.0000,0.0000,0.0000,-8.4082,0.0000,-8.4082,SYNTHETIC_DAILY_LOCK,SUSPEND_FAMILY,0.4639,0.0477,HIGH,false,PENDING,side_experiment_only,false,false,No synthetic exposure was created; row remains review-only.
PH3LIFE00087,phase3-shadow-lifecycle-side-experiment-v0,PH3SHADOW00087,WS089,FAM00047,2026.05.27 18:05:00,2026.05.27 18:04:59,2026.05.27 23:34:59,XAUUSD,breakout_retest_family,breakout_retest,2026.05.27 18:05:00,SHORT,4450.10,4454.19,4443.96,WOULD_PAPER_SHADOW_OPEN,PAPER_SHADOW_ELIGIBLE,OPENED_THEN_CLOSED,SYNTHETIC_OPENED,CLOSED_BREAK_EVEN,synthetic_break_even,6,0.0000,0.2689,-0.2689,-8.6771,0.0000,-8.6771,SYNTHETIC_DAILY_LOCK,NORMAL,0.2689,0.2427,LOW,false,PENDING,side_experiment_only,false,false,Synthetic lifecycle close reason: synthetic_break_even. This is not broker or market execution.
PH3LIFE00088,phase3-shadow-lifecycle-side-experiment-v0,PH3SHADOW00088,WS090,FAM00048,2026.05.27 19:30:01,2026.05.27 19:29:59,2026.05.28 00:59:59,XAUUSD,breakout_retest_family,breakout_retest,2026.05.27 19:30:00,SHORT,4449.73,4454.16,4443.08,WOULD_PAPER_SHADOW_OPEN_REVIEW,COST_WATCH_OPEN_WITH_REVIEW,OPENED_THEN_REVIEW_CLOSED,SYNTHETIC_OPENED_REVIEW_ONLY,CLOSED_BY_REVIEW,cost_watch_review_exit,1,0.0000,0.3610,-0.3610,-9.0381,0.0000,-9.0381,SYNTHETIC_DAILY_LOCK,COST_WATCH,0.3610,0.1506,MEDIUM,false,PENDING,side_experiment_only,false,false,Synthetic lifecycle close reason: cost_watch_review_exit. This is not broker or market execution.
PH3LIFE00089,phase3-shadow-lifecycle-side-experiment-v0,PH3SHADOW00089,WS091,FAM00049,2026.05.27 19:55:00,2026.05.27 19:54:58,2026.05.28 01:24:58,XAUUSD,breakout_retest_family,breakout_retest,2026.05.27 19:55:00,SHORT,4451.70,4453.80,4448.54,BLOCKED_SUSPEND_FAMILY,SUSPEND_FAMILY_BLOCKED,NO_EXPOSURE_REVIEW_ONLY,NO_SYNTHETIC_OPEN,NO_SYNTHETIC_CLOSE,net_expectancy_below_minimum_after_proxy_cost,0,0.0000,0.0000,0.0000,-9.0381,0.0000,-9.0381,SYNTHETIC_DAILY_LOCK,SUSPEND_FAMILY,0.5228,-0.0112,HIGH,false,PENDING,side_experiment_only,false,false,No synthetic exposure was created; row remains review-only.
PH3LIFE00090,phase3-shadow-lifecycle-side-experiment-v0,PH3SHADOW00090,WS092,FAM00050,2026.05.27 23:50:00,2026.05.27 23:49:58,2026.05.28 05:19:58,XAUUSD,breakout_retest_family,breakout_retest,2026.05.27 23:50:00,SHORT,4450.67,4454.12,4445.50,WOULD_PAPER_SHADOW_OPEN,PAPER_SHADOW_ELIGIBLE,OPENED_THEN_COST_DRIFT_CLOSED,SYNTHETIC_OPENED,CLOSED_BY_COST_DRIFT,cost_drift_exit,3,0.2500,0.3190,-0.0690,-9.1071,0.0000,-9.1071,SYNTHETIC_DAILY_LOCK,NORMAL,0.3190,0.1926,LOW,false,PENDING,side_experiment_only,false,false,Synthetic lifecycle close reason: cost_drift_exit. This is not broker or market execution.
PH3LIFE00091,phase3-shadow-lifecycle-side-experiment-v0,PH3SHADOW00091,WS093,FAM00051,2026.05.28 00:25:00,2026.05.28 00:24:57,2026.05.28 05:54:57,XAUUSD,breakout_retest_family,breakout_retest,2026.05.28 00:25:00,SHORT,4443.76,4454.23,4428.06,WOULD_PAPER_SHADOW_OPEN,PAPER_SHADOW_ELIGIBLE,OPENED_THEN_CLOSED,SYNTHETIC_OPENED,CLOSED_STOP,synthetic_stop_hit,5,-1.0000,0.1051,-1.1051,-10.2122,0.0000,-10.2122,SYNTHETIC_DAILY_LOCK,NORMAL,0.1051,0.4065,LOW,false,PENDING,side_experiment_only,false,false,Synthetic lifecycle close reason: synthetic_stop_hit. This is not broker or market execution.
PH3LIFE00092,phase3-shadow-lifecycle-side-experiment-v0,PH3SHADOW00092,WS094,FAM00052,2026.05.28 01:10:00,2026.05.28 01:09:57,2026.05.28 06:39:57,XAUUSD,breakout_retest_family,breakout_retest,2026.05.28 01:10:00,SHORT,4445.47,4459.17,4424.92,WOULD_PAPER_SHADOW_OPEN,PAPER_SHADOW_ELIGIBLE,OPENED_THEN_CLOSED,SYNTHETIC_OPENED,CLOSED_BREAK_EVEN,synthetic_break_even,6,0.0000,0.0803,-0.0803,-10.2925,0.0000,-10.2925,SYNTHETIC_DAILY_LOCK,NORMAL,0.0803,0.4313,LOW,false,PENDING,side_experiment_only,false,false,Synthetic lifecycle close reason: synthetic_break_even. This is not broker or market execution.
PH3LIFE00093,phase3-shadow-lifecycle-side-experiment-v0,PH3SHADOW00093,WS095,FAM00052,2026.05.28 01:10:00,2026.05.28 01:09:57,2026.05.28 06:39:57,XAUUSD,breakout_retest_family,swing_breakout_retest_v0,2026.05.28 01:10:00,SHORT,4445.47,4459.17,4424.92,NO_EXPOSURE_DUPLICATE_IGNORED,DUPLICATE_IGNORED,NO_EXPOSURE_REVIEW_ONLY,NO_SYNTHETIC_OPEN,NO_SYNTHETIC_CLOSE,observer_duplicate,0,0.0000,0.0000,0.0000,-10.2925,0.0000,-10.2925,SYNTHETIC_DAILY_LOCK,NORMAL,0.0803,0.4313,LOW,false,PENDING,side_experiment_only,false,false,No synthetic exposure was created; row remains review-only.
PH3LIFE00094,phase3-shadow-lifecycle-side-experiment-v0,PH3SHADOW00094,WS096,FAM00053,2026.05.28 03:20:00,2026.05.28 03:19:57,2026.05.28 08:49:57,XAUUSD,breakout_retest_family,breakout_retest,2026.05.28 03:20:00,SHORT,4391.51,4397.86,4381.99,WOULD_PAPER_SHADOW_OPEN,PAPER_SHADOW_ELIGIBLE,OPENED_THEN_CLOSED,SYNTHETIC_OPENED,CLOSED_TIME_STOP,synthetic_time_stop_small_loss,12,-0.2500,0.1733,-0.4233,-10.7158,0.0000,-10.7158,SYNTHETIC_DAILY_LOCK,NORMAL,0.1733,0.3383,LOW,false,PENDING,side_experiment_only,false,false,Synthetic lifecycle close reason: synthetic_time_stop_small_loss. This is not broker or market execution.
PH3LIFE00095,phase3-shadow-lifecycle-side-experiment-v0,PH3SHADOW00095,WS097,FAM00053,2026.05.28 03:20:00,2026.05.28 03:19:57,2026.05.28 08:49:57,XAUUSD,breakout_retest_family,swing_breakout_retest_v0,2026.05.28 03:20:00,SHORT,4391.51,4397.86,4381.99,NO_EXPOSURE_DUPLICATE_IGNORED,DUPLICATE_IGNORED,NO_EXPOSURE_REVIEW_ONLY,NO_SYNTHETIC_OPEN,NO_SYNTHETIC_CLOSE,observer_duplicate,0,0.0000,0.0000,0.0000,-10.7158,0.0000,-10.7158,SYNTHETIC_DAILY_LOCK,NORMAL,0.1733,0.3383,LOW,false,PENDING,side_experiment_only,false,false,No synthetic exposure was created; row remains review-only.
PH3LIFE00096,phase3-shadow-lifecycle-side-experiment-v0,PH3SHADOW00096,WS098,FAM00054,2026.05.28 05:40:01,2026.05.28 05:39:57,2026.05.28 11:09:57,XAUUSD,breakout_retest_family,breakout_retest,2026.05.28 05:40:00,LONG,4387.50,4374.37,4407.20,WOULD_PAPER_SHADOW_OPEN,PAPER_SHADOW_ELIGIBLE,OPENED_THEN_CLOSED,SYNTHETIC_OPENED,CLOSED_STOP,synthetic_stop_hit,5,-1.0000,0.0837,-1.0837,-11.7995,0.0000,-11.7995,SYNTHETIC_DAILY_LOCK,NORMAL,0.0837,0.4279,LOW,false,PENDING,side_experiment_only,false,false,Synthetic lifecycle close reason: synthetic_stop_hit. This is not broker or market execution.
PH3LIFE00097,phase3-shadow-lifecycle-side-experiment-v0,PH3SHADOW00097,WS099,FAM00054,2026.05.28 05:40:01,2026.05.28 05:39:57,2026.05.28 11:09:57,XAUUSD,breakout_retest_family,swing_breakout_retest_v0,2026.05.28 05:40:00,LONG,4387.50,4374.37,4407.20,NO_EXPOSURE_DUPLICATE_IGNORED,DUPLICATE_IGNORED,NO_EXPOSURE_REVIEW_ONLY,NO_SYNTHETIC_OPEN,NO_SYNTHETIC_CLOSE,observer_duplicate,0,0.0000,0.0000,0.0000,-11.7995,0.0000,-11.7995,SYNTHETIC_DAILY_LOCK,NORMAL,0.0837,0.4279,LOW,false,PENDING,side_experiment_only,false,false,No synthetic exposure was created; row remains review-only.
PH3LIFE00098,phase3-shadow-lifecycle-side-experiment-v0,PH3SHADOW00098,WS100,FAM00055,2026.05.28 06:20:00,2026.05.28 06:19:56,2026.05.28 11:49:56,XAUUSD,breakout_retest_family,breakout_retest,2026.05.28 06:20:00,LONG,4381.41,4373.91,4392.66,WOULD_PAPER_SHADOW_OPEN,PAPER_SHADOW_ELIGIBLE,OPENED_THEN_CLOSED,SYNTHETIC_OPENED,CLOSED_TIME_STOP,synthetic_time_stop_small_win,12,0.3500,0.2134,0.1366,-11.6629,0.0000,-11.6629,SYNTHETIC_DAILY_LOCK,NORMAL,0.2134,0.2982,LOW,false,PENDING,side_experiment_only,false,false,Synthetic lifecycle close reason: synthetic_time_stop_small_win. This is not broker or market execution.
PH3LIFE00099,phase3-shadow-lifecycle-side-experiment-v0,PH3SHADOW00099,WS101,FAM00055,2026.05.28 06:20:00,2026.05.28 06:19:56,2026.05.28 11:49:56,XAUUSD,breakout_retest_family,swing_breakout_retest_v0,2026.05.28 06:20:00,LONG,4381.41,4373.91,4392.66,NO_EXPOSURE_DUPLICATE_IGNORED,DUPLICATE_IGNORED,NO_EXPOSURE_REVIEW_ONLY,NO_SYNTHETIC_OPEN,NO_SYNTHETIC_CLOSE,observer_duplicate,0,0.0000,0.0000,0.0000,-11.6629,0.0000,-11.6629,SYNTHETIC_DAILY_LOCK,NORMAL,0.2134,0.2982,LOW,false,PENDING,side_experiment_only,false,false,No synthetic exposure was created; row remains review-only.
PH3LIFE00100,phase3-shadow-lifecycle-side-experiment-v0,PH3SHADOW00100,WS102,FAM00056,2026.05.28 06:25:00,2026.05.28 06:24:56,2026.05.28 11:54:56,XAUUSD,breakout_retest_family,breakout_retest,2026.05.28 06:25:00,LONG,4380.16,4373.43,4390.25,WOULD_PAPER_SHADOW_OPEN,PAPER_SHADOW_ELIGIBLE,OPENED_THEN_CLOSED,SYNTHETIC_OPENED,CLOSED_TARGET,synthetic_target_hit,8,1.5000,0.1635,1.3365,-10.3264,0.0000,-10.3264,SYNTHETIC_DAILY_LOCK,NORMAL,0.1635,0.3481,LOW,false,PENDING,side_experiment_only,false,false,Synthetic lifecycle close reason: synthetic_target_hit. This is not broker or market execution.
PH3LIFE00101,phase3-shadow-lifecycle-side-experiment-v0,PH3SHADOW00101,WS103,FAM00056,2026.05.28 06:25:00,2026.05.28 06:24:56,2026.05.28 11:54:56,XAUUSD,breakout_retest_family,swing_breakout_retest_v0,2026.05.28 06:25:00,LONG,4380.16,4373.43,4390.25,NO_EXPOSURE_DUPLICATE_IGNORED,DUPLICATE_IGNORED,NO_EXPOSURE_REVIEW_ONLY,NO_SYNTHETIC_OPEN,NO_SYNTHETIC_CLOSE,observer_duplicate,0,0.0000,0.0000,0.0000,-10.3264,0.0000,-10.3264,SYNTHETIC_DAILY_LOCK,NORMAL,0.1635,0.3481,LOW,false,PENDING,side_experiment_only,false,false,No synthetic exposure was created; row remains review-only.
PH3LIFE00102,phase3-shadow-lifecycle-side-experiment-v0,PH3SHADOW00102,WS104,FAM00057,2026.05.28 08:00:00,2026.05.28 07:59:56,2026.05.28 13:29:56,XAUUSD,breakout_retest_family,breakout_retest,2026.05.28 08:00:00,LONG,4389.19,4382.19,4399.69,WOULD_PAPER_SHADOW_OPEN,PAPER_SHADOW_ELIGIBLE,OPENED_THEN_CLOSED,SYNTHETIC_OPENED,CLOSED_BREAK_EVEN,synthetic_break_even,6,0.0000,0.1571,-0.1571,-10.4835,0.0000,-10.4835,SYNTHETIC_DAILY_LOCK,NORMAL,0.1571,0.3545,LOW,false,PENDING,side_experiment_only,false,false,Synthetic lifecycle close reason: synthetic_break_even. This is not broker or market execution.
PH3LIFE00103,phase3-shadow-lifecycle-side-experiment-v0,PH3SHADOW00103,WS105,FAM00057,2026.05.28 08:00:00,2026.05.28 07:59:56,2026.05.28 13:29:56,XAUUSD,breakout_retest_family,swing_breakout_retest_v0,2026.05.28 08:00:00,LONG,4389.19,4382.19,4399.69,NO_EXPOSURE_DUPLICATE_IGNORED,DUPLICATE_IGNORED,NO_EXPOSURE_REVIEW_ONLY,NO_SYNTHETIC_OPEN,NO_SYNTHETIC_CLOSE,observer_duplicate,0,0.0000,0.0000,0.0000,-10.4835,0.0000,-10.4835,SYNTHETIC_DAILY_LOCK,NORMAL,0.1571,0.3545,LOW,false,PENDING,side_experiment_only,false,false,No synthetic exposure was created; row remains review-only.
PH3LIFE00104,phase3-shadow-lifecycle-side-experiment-v0,PH3SHADOW00104,WS106,FAM00058,2026.05.28 10:15:00,2026.05.28 10:14:56,2026.05.28 15:44:56,XAUUSD,breakout_retest_family,breakout_retest,2026.05.28 10:15:00,SHORT,4393.44,4401.73,4381.00,WOULD_PAPER_SHADOW_OPEN,PAPER_SHADOW_ELIGIBLE,OPENED_THEN_CLOSED,SYNTHETIC_OPENED,CLOSED_TIME_STOP,synthetic_time_stop_small_loss,12,-0.2500,0.1327,-0.3827,-10.8662,0.0000,-10.8662,SYNTHETIC_DAILY_LOCK,NORMAL,0.1327,0.3789,LOW,false,PENDING,side_experiment_only,false,false,Synthetic lifecycle close reason: synthetic_time_stop_small_loss. This is not broker or market execution.
PH3LIFE00105,phase3-shadow-lifecycle-side-experiment-v0,PH3SHADOW00105,WS107,FAM00059,2026.05.28 10:35:00,2026.05.28 10:34:55,2026.05.28 16:04:55,XAUUSD,breakout_retest_family,breakout_retest,2026.05.28 10:35:00,SHORT,4395.42,4402.67,4384.54,WOULD_PAPER_SHADOW_OPEN,PAPER_SHADOW_ELIGIBLE,OPENED_THEN_CLOSED,SYNTHETIC_OPENED,CLOSED_TARGET,synthetic_target_hit,8,1.5000,0.1517,1.3483,-9.5179,0.0000,-9.5179,SYNTHETIC_DAILY_LOCK,NORMAL,0.1517,0.3599,LOW,false,PENDING,side_experiment_only,false,false,Synthetic lifecycle close reason: synthetic_target_hit. This is not broker or market execution.
PH3LIFE00106,phase3-shadow-lifecycle-side-experiment-v0,PH3SHADOW00106,WS108,FAM00060,2026.05.28 10:40:01,2026.05.28 10:39:56,2026.05.28 16:09:56,XAUUSD,breakout_retest_family,breakout_retest,2026.05.28 10:40:00,SHORT,4397.91,4402.76,4390.64,WOULD_PAPER_SHADOW_OPEN,PAPER_SHADOW_ELIGIBLE,OPENED_THEN_CLOSED,SYNTHETIC_OPENED,CLOSED_STOP,synthetic_stop_hit,5,-1.0000,0.2269,-1.2269,-10.7448,0.0000,-10.7448,SYNTHETIC_DAILY_LOCK,NORMAL,0.2269,0.2847,LOW,false,PENDING,side_experiment_only,false,false,Synthetic lifecycle close reason: synthetic_stop_hit. This is not broker or market execution.
PH3LIFE00107,phase3-shadow-lifecycle-side-experiment-v0,PH3SHADOW00107,WS109,FAM00061,2026.05.28 11:25:00,2026.05.28 11:24:55,2026.05.28 16:54:55,XAUUSD,breakout_retest_family,breakout_retest,2026.05.28 11:25:00,SHORT,4386.49,4390.90,4379.88,BLOCKED_SUSPEND_FAMILY,SUSPEND_FAMILY_BLOCKED,NO_EXPOSURE_REVIEW_ONLY,NO_SYNTHETIC_OPEN,NO_SYNTHETIC_CLOSE,net_expectancy_below_minimum_after_proxy_cost,0,0.0000,0.0000,0.0000,-10.7448,0.0000,-10.7448,SYNTHETIC_DAILY_LOCK,SUSPEND_FAMILY,0.3631,0.1485,HIGH,false,PENDING,side_experiment_only,false,false,No synthetic exposure was created; row remains review-only.
PH3LIFE00108,phase3-shadow-lifecycle-side-experiment-v0,PH3SHADOW00108,WS110,FAM00061,2026.05.28 11:25:00,2026.05.28 11:24:55,2026.05.28 16:54:55,XAUUSD,breakout_retest_family,swing_breakout_retest_v0,2026.05.28 11:25:00,SHORT,4386.49,4390.90,4379.88,NO_EXPOSURE_DUPLICATE_IGNORED,DUPLICATE_IGNORED,NO_EXPOSURE_REVIEW_ONLY,NO_SYNTHETIC_OPEN,NO_SYNTHETIC_CLOSE,observer_duplicate,0,0.0000,0.0000,0.0000,-10.7448,0.0000,-10.7448,SYNTHETIC_DAILY_LOCK,SUSPEND_FAMILY,0.3631,0.1485,LOW,false,PENDING,side_experiment_only,false,false,No synthetic exposure was created; row remains review-only.
