created_at_utc,files_dir,log_verification,soak_analysis,runtime_health,would_signal,acceptance,decision_rows,unique_run_ids,latest_run_id,latest_bar_time,latest_timestamp_broker,latest_timestamp_local,latest_risk_state,latest_trade_permission,latest_dry_run,latest_server_time_status,latest_br_stage,latest_br_direction,latest_br_would_signal,would_signal_rows,would_signal_clusters,required_soak_days,observed_soak_days,soak_progress_pct,summary_path,log_report,soak_report,would_signal_report,would_signal_csv,acceptance_report
2026-05-21T19:48:31.384045+00:00,C:\MT5PortableGoldMission\MQL5\Files,PASS,PASS,,PASS,PENDING,78,5,phase1-dry-run-v0.5,2026.05.21 19:45:00,2026.05.21 19:45:00,2026.05.21 23:44:59,NORMAL,false,true,CLOCK_OK,WAIT_LEVEL_BREAK_RETEST,SHORT,false,4,4,5,0.25,5.0,C:\Users\ZHAO ZHU INFORMATION\Downloads\algo-trading-system\xau-usd\xauusd-phase1\outputs\reports\PHASE1_STATUS_SUMMARY.json,C:\Users\ZHAO ZHU INFORMATION\Downloads\algo-trading-system\xau-usd\xauusd-phase1\outputs\reports\PHASE1_DRY_RUN_LOG_REPORT.md,C:\Users\ZHAO ZHU INFORMATION\Downloads\algo-trading-system\xau-usd\xauusd-phase1\outputs\reports\PHASE1_SOAK_DRIFT_REPORT.md,C:\Users\ZHAO ZHU INFORMATION\Downloads\algo-trading-system\xau-usd\xauusd-phase1\outputs\reports\PHASE1_WOULD_SIGNAL_REPORT.md,C:\Users\ZHAO ZHU INFORMATION\Downloads\algo-trading-system\xau-usd\xauusd-phase1\outputs\reports\PHASE1_WOULD_SIGNAL_REVIEW.csv,C:\Users\ZHAO ZHU INFORMATION\Downloads\algo-trading-system\xau-usd\xauusd-phase1\outputs\reports\PHASE1_ACCEPTANCE_REPORT.md
2026-05-21T19:55:41.861919+00:00,C:\MT5PortableGoldMission\MQL5\Files,PASS,PASS,,PASS,PENDING,80,5,phase1-dry-run-v0.5,2026.05.21 19:55:00,2026.05.21 19:55:00,2026.05.21 23:54:59,NORMAL,false,true,CLOCK_OK,WAIT_LEVEL_BREAK_RETEST,SHORT,false,4,4,5,0.2569,5.14,C:\Users\ZHAO ZHU INFORMATION\Downloads\algo-trading-system\xau-usd\xauusd-phase1\outputs\reports\PHASE1_STATUS_SUMMARY.json,outputs\reports\PHASE1_DRY_RUN_LOG_REPORT.md,outputs\reports\PHASE1_SOAK_DRIFT_REPORT.md,outputs\reports\PHASE1_WOULD_SIGNAL_REPORT.md,outputs\reports\PHASE1_WOULD_SIGNAL_REVIEW.csv,outputs\reports\PHASE1_ACCEPTANCE_REPORT.md
2026-05-21T19:56:40.945509+00:00,C:\MT5PortableGoldMission\MQL5\Files,PASS,PASS,,PASS,PENDING,80,5,phase1-dry-run-v0.5,2026.05.21 19:55:00,2026.05.21 19:55:00,2026.05.21 23:54:59,NORMAL,false,true,CLOCK_OK,WAIT_LEVEL_BREAK_RETEST,SHORT,false,4,4,5,0.2569,5.14,C:\Users\ZHAO ZHU INFORMATION\Downloads\algo-trading-system\xau-usd\xauusd-phase1\outputs\reports\PHASE1_STATUS_SUMMARY.json,C:\Users\ZHAO ZHU INFORMATION\Downloads\algo-trading-system\xau-usd\xauusd-phase1\outputs\reports\PHASE1_DRY_RUN_LOG_REPORT.md,C:\Users\ZHAO ZHU INFORMATION\Downloads\algo-trading-system\xau-usd\xauusd-phase1\outputs\reports\PHASE1_SOAK_DRIFT_REPORT.md,C:\Users\ZHAO ZHU INFORMATION\Downloads\algo-trading-system\xau-usd\xauusd-phase1\outputs\reports\PHASE1_WOULD_SIGNAL_REPORT.md,C:\Users\ZHAO ZHU INFORMATION\Downloads\algo-trading-system\xau-usd\xauusd-phase1\outputs\reports\PHASE1_WOULD_SIGNAL_REVIEW.csv,C:\Users\ZHAO ZHU INFORMATION\Downloads\algo-trading-system\xau-usd\xauusd-phase1\outputs\reports\PHASE1_ACCEPTANCE_REPORT.md
2026-05-21T19:59:58.629836+00:00,C:\MT5PortableGoldMission\MQL5\Files,PASS,PASS,,PASS,PENDING,80,5,phase1-dry-run-v0.5,2026.05.21 19:55:00,2026.05.21 19:55:00,2026.05.21 23:54:59,NORMAL,false,true,CLOCK_OK,WAIT_LEVEL_BREAK_RETEST,SHORT,false,4,4,5,0.2569,5.14,C:\Users\ZHAO ZHU INFORMATION\Downloads\algo-trading-system\xau-usd\xauusd-phase1\outputs\reports\PHASE1_STATUS_SUMMARY.json,C:\Users\ZHAO ZHU INFORMATION\Downloads\algo-trading-system\xau-usd\xauusd-phase1\outputs\reports\PHASE1_DRY_RUN_LOG_REPORT.md,C:\Users\ZHAO ZHU INFORMATION\Downloads\algo-trading-system\xau-usd\xauusd-phase1\outputs\reports\PHASE1_SOAK_DRIFT_REPORT.md,C:\Users\ZHAO ZHU INFORMATION\Downloads\algo-trading-system\xau-usd\xauusd-phase1\outputs\reports\PHASE1_WOULD_SIGNAL_REPORT.md,C:\Users\ZHAO ZHU INFORMATION\Downloads\algo-trading-system\xau-usd\xauusd-phase1\outputs\reports\PHASE1_WOULD_SIGNAL_REVIEW.csv,C:\Users\ZHAO ZHU INFORMATION\Downloads\algo-trading-system\xau-usd\xauusd-phase1\outputs\reports\PHASE1_ACCEPTANCE_REPORT.md
2026-05-21T20:01:47.627431+00:00,C:\MT5PortableGoldMission\MQL5\Files,PASS,PASS,,PASS,PENDING,81,5,phase1-dry-run-v0.5,2026.05.21 20:00:00,2026.05.21 20:00:00,2026.05.21 23:59:59,NORMAL,false,true,CLOCK_OK,WAIT_LEVEL_BREAK_RETEST,LONG,false,4,4,5,0.2604,5.21,C:\Users\ZHAO ZHU INFORMATION\Downloads\algo-trading-system\xau-usd\xauusd-phase1\outputs\reports\PHASE1_STATUS_SUMMARY.json,C:\Users\ZHAO ZHU INFORMATION\Downloads\algo-trading-system\xau-usd\xauusd-phase1\outputs\reports\PHASE1_DRY_RUN_LOG_REPORT.md,C:\Users\ZHAO ZHU INFORMATION\Downloads\algo-trading-system\xau-usd\xauusd-phase1\outputs\reports\PHASE1_SOAK_DRIFT_REPORT.md,C:\Users\ZHAO ZHU INFORMATION\Downloads\algo-trading-system\xau-usd\xauusd-phase1\outputs\reports\PHASE1_WOULD_SIGNAL_REPORT.md,C:\Users\ZHAO ZHU INFORMATION\Downloads\algo-trading-system\xau-usd\xauusd-phase1\outputs\reports\PHASE1_WOULD_SIGNAL_REVIEW.csv,C:\Users\ZHAO ZHU INFORMATION\Downloads\algo-trading-system\xau-usd\xauusd-phase1\outputs\reports\PHASE1_ACCEPTANCE_REPORT.md
2026-05-21T20:09:33.123064+00:00,C:\MT5PortableGoldMission\MQL5\Files,PASS,PASS,PASS,PASS,PENDING,82,5,phase1-dry-run-v0.5,2026.05.21 20:05:00,2026.05.21 20:05:00,2026.05.22 00:04:59,NORMAL,false,true,CLOCK_OK,WAIT_LEVEL_BREAK_RETEST,SHORT,false,4,4,5,0.2639,5.28,C:\Users\ZHAO ZHU INFORMATION\Downloads\algo-trading-system\xau-usd\xauusd-phase1\outputs\reports\PHASE1_STATUS_SUMMARY.json,C:\Users\ZHAO ZHU INFORMATION\Downloads\algo-trading-system\xau-usd\xauusd-phase1\outputs\reports\PHASE1_DRY_RUN_LOG_REPORT.md,C:\Users\ZHAO ZHU INFORMATION\Downloads\algo-trading-system\xau-usd\xauusd-phase1\outputs\reports\PHASE1_SOAK_DRIFT_REPORT.md,C:\Users\ZHAO ZHU INFORMATION\Downloads\algo-trading-system\xau-usd\xauusd-phase1\outputs\reports\PHASE1_WOULD_SIGNAL_REPORT.md,C:\Users\ZHAO ZHU INFORMATION\Downloads\algo-trading-system\xau-usd\xauusd-phase1\outputs\reports\PHASE1_WOULD_SIGNAL_REVIEW.csv,C:\Users\ZHAO ZHU INFORMATION\Downloads\algo-trading-system\xau-usd\xauusd-phase1\outputs\reports\PHASE1_ACCEPTANCE_REPORT.md
2026-05-21T20:16:24.309384+00:00,C:\MT5PortableGoldMission\MQL5\Files,PASS,PASS,PASS,PASS,PENDING,84,5,phase1-dry-run-v0.5,2026.05.21 20:15:00,2026.05.21 20:15:00,2026.05.22 00:14:59,NORMAL,false,true,CLOCK_OK,WAIT_LEVEL_BREAK_RETEST,LONG,false,5,5,5,0.2708,5.42,C:\Users\ZHAO ZHU INFORMATION\Downloads\algo-trading-system\xau-usd\xauusd-phase1\outputs\reports\PHASE1_STATUS_SUMMARY.json,C:\Users\ZHAO ZHU INFORMATION\Downloads\algo-trading-system\xau-usd\xauusd-phase1\outputs\reports\PHASE1_DRY_RUN_LOG_REPORT.md,C:\Users\ZHAO ZHU INFORMATION\Downloads\algo-trading-system\xau-usd\xauusd-phase1\outputs\reports\PHASE1_SOAK_DRIFT_REPORT.md,C:\Users\ZHAO ZHU INFORMATION\Downloads\algo-trading-system\xau-usd\xauusd-phase1\outputs\reports\PHASE1_WOULD_SIGNAL_REPORT.md,C:\Users\ZHAO ZHU INFORMATION\Downloads\algo-trading-system\xau-usd\xauusd-phase1\outputs\reports\PHASE1_WOULD_SIGNAL_REVIEW.csv,C:\Users\ZHAO ZHU INFORMATION\Downloads\algo-trading-system\xau-usd\xauusd-phase1\outputs\reports\PHASE1_ACCEPTANCE_REPORT.md
2026-05-21T21:49:35.170629+00:00,C:\MT5PortableGoldMission\MQL5\Files,PASS,WARN,WARN,PASS,PENDING,92,5,phase1-dry-run-v0.5,2026.05.21 20:55:00,2026.05.21 20:55:00,2026.05.22 00:54:59,NORMAL,false,true,CLOCK_OK,WAIT_LEVEL_BREAK_RETEST,LONG,false,6,6,5,0.2986,5.97,C:\Users\ZHAO ZHU INFORMATION\Downloads\algo-trading-system\xau-usd\xauusd-phase1\outputs\reports\PHASE1_STATUS_SUMMARY.json,C:\Users\ZHAO ZHU INFORMATION\Downloads\algo-trading-system\xau-usd\xauusd-phase1\outputs\reports\PHASE1_DRY_RUN_LOG_REPORT.md,C:\Users\ZHAO ZHU INFORMATION\Downloads\algo-trading-system\xau-usd\xauusd-phase1\outputs\reports\PHASE1_SOAK_DRIFT_REPORT.md,C:\Users\ZHAO ZHU INFORMATION\Downloads\algo-trading-system\xau-usd\xauusd-phase1\outputs\reports\PHASE1_WOULD_SIGNAL_REPORT.md,C:\Users\ZHAO ZHU INFORMATION\Downloads\algo-trading-system\xau-usd\xauusd-phase1\outputs\reports\PHASE1_WOULD_SIGNAL_REVIEW.csv,C:\Users\ZHAO ZHU INFORMATION\Downloads\algo-trading-system\xau-usd\xauusd-phase1\outputs\reports\PHASE1_ACCEPTANCE_REPORT.md
2026-05-21T22:12:57.446733+00:00,C:\MT5PortableGoldMission\MQL5\Files,WARN,WARN,WARN,PASS,FAIL,95,5,phase1-dry-run-v0.5,2026.05.21 22:10:00,2026.05.21 22:10:00,2026.05.22 02:09:59,NORMAL,false,true,CLOCK_OK,WAIT_LEVEL_BREAK_RETEST,SHORT,false,6,6,5,0.3507,7.01,C:\Users\ZHAO ZHU INFORMATION\Downloads\algo-trading-system\xau-usd\xauusd-phase1\outputs\reports\PHASE1_STATUS_SUMMARY.json,C:\Users\ZHAO ZHU INFORMATION\Downloads\algo-trading-system\xau-usd\xauusd-phase1\outputs\reports\PHASE1_DRY_RUN_LOG_REPORT.md,C:\Users\ZHAO ZHU INFORMATION\Downloads\algo-trading-system\xau-usd\xauusd-phase1\outputs\reports\PHASE1_SOAK_DRIFT_REPORT.md,C:\Users\ZHAO ZHU INFORMATION\Downloads\algo-trading-system\xau-usd\xauusd-phase1\outputs\reports\PHASE1_WOULD_SIGNAL_REPORT.md,C:\Users\ZHAO ZHU INFORMATION\Downloads\algo-trading-system\xau-usd\xauusd-phase1\outputs\reports\PHASE1_WOULD_SIGNAL_REVIEW.csv,C:\Users\ZHAO ZHU INFORMATION\Downloads\algo-trading-system\xau-usd\xauusd-phase1\outputs\reports\PHASE1_ACCEPTANCE_REPORT.md
2026-05-21T22:14:43.284578+00:00,C:\MT5PortableGoldMission\MQL5\Files,PASS,PASS,PASS,PASS,FAIL,95,5,phase1-dry-run-v0.5,2026.05.21 22:10:00,2026.05.21 22:10:00,2026.05.22 02:09:59,NORMAL,false,true,CLOCK_OK,WAIT_LEVEL_BREAK_RETEST,SHORT,false,6,6,5,0.3507,7.01,C:\Users\ZHAO ZHU INFORMATION\Downloads\algo-trading-system\xau-usd\xauusd-phase1\outputs\reports\PHASE1_STATUS_SUMMARY.json,C:\Users\ZHAO ZHU INFORMATION\Downloads\algo-trading-system\xau-usd\xauusd-phase1\outputs\reports\PHASE1_DRY_RUN_LOG_REPORT.md,C:\Users\ZHAO ZHU INFORMATION\Downloads\algo-trading-system\xau-usd\xauusd-phase1\outputs\reports\PHASE1_SOAK_DRIFT_REPORT.md,C:\Users\ZHAO ZHU INFORMATION\Downloads\algo-trading-system\xau-usd\xauusd-phase1\outputs\reports\PHASE1_WOULD_SIGNAL_REPORT.md,C:\Users\ZHAO ZHU INFORMATION\Downloads\algo-trading-system\xau-usd\xauusd-phase1\outputs\reports\PHASE1_WOULD_SIGNAL_REVIEW.csv,C:\Users\ZHAO ZHU INFORMATION\Downloads\algo-trading-system\xau-usd\xauusd-phase1\outputs\reports\PHASE1_ACCEPTANCE_REPORT.md
2026-05-21T22:15:12.406592+00:00,C:\MT5PortableGoldMission\MQL5\Files,PASS,PASS,PASS,PASS,FAIL,96,5,phase1-dry-run-v0.5,2026.05.21 22:15:00,2026.05.21 22:15:00,2026.05.22 02:14:59,NORMAL,false,true,CLOCK_OK,WAIT_LEVEL_BREAK_RETEST,LONG,false,6,6,5,0.3542,7.08,C:\Users\ZHAO ZHU INFORMATION\Downloads\algo-trading-system\xau-usd\xauusd-phase1\outputs\reports\PHASE1_STATUS_SUMMARY.json,C:\Users\ZHAO ZHU INFORMATION\Downloads\algo-trading-system\xau-usd\xauusd-phase1\outputs\reports\PHASE1_DRY_RUN_LOG_REPORT.md,C:\Users\ZHAO ZHU INFORMATION\Downloads\algo-trading-system\xau-usd\xauusd-phase1\outputs\reports\PHASE1_SOAK_DRIFT_REPORT.md,C:\Users\ZHAO ZHU INFORMATION\Downloads\algo-trading-system\xau-usd\xauusd-phase1\outputs\reports\PHASE1_WOULD_SIGNAL_REPORT.md,C:\Users\ZHAO ZHU INFORMATION\Downloads\algo-trading-system\xau-usd\xauusd-phase1\outputs\reports\PHASE1_WOULD_SIGNAL_REVIEW.csv,C:\Users\ZHAO ZHU INFORMATION\Downloads\algo-trading-system\xau-usd\xauusd-phase1\outputs\reports\PHASE1_ACCEPTANCE_REPORT.md
2026-05-21T22:15:28.590983+00:00,C:\MT5PortableGoldMission\MQL5\Files,PASS,PASS,PASS,PASS,PENDING,96,5,phase1-dry-run-v0.5,2026.05.21 22:15:00,2026.05.21 22:15:00,2026.05.22 02:14:59,NORMAL,false,true,CLOCK_OK,WAIT_LEVEL_BREAK_RETEST,LONG,false,6,6,5,0.3542,7.08,C:\Users\ZHAO ZHU INFORMATION\Downloads\algo-trading-system\xau-usd\xauusd-phase1\outputs\reports\PHASE1_STATUS_SUMMARY.json,C:\Users\ZHAO ZHU INFORMATION\Downloads\algo-trading-system\xau-usd\xauusd-phase1\outputs\reports\PHASE1_DRY_RUN_LOG_REPORT.md,C:\Users\ZHAO ZHU INFORMATION\Downloads\algo-trading-system\xau-usd\xauusd-phase1\outputs\reports\PHASE1_SOAK_DRIFT_REPORT.md,C:\Users\ZHAO ZHU INFORMATION\Downloads\algo-trading-system\xau-usd\xauusd-phase1\outputs\reports\PHASE1_WOULD_SIGNAL_REPORT.md,C:\Users\ZHAO ZHU INFORMATION\Downloads\algo-trading-system\xau-usd\xauusd-phase1\outputs\reports\PHASE1_WOULD_SIGNAL_REVIEW.csv,C:\Users\ZHAO ZHU INFORMATION\Downloads\algo-trading-system\xau-usd\xauusd-phase1\outputs\reports\PHASE1_ACCEPTANCE_REPORT.md
2026-05-21T22:49:23.647175+00:00,C:\MT5PortableGoldMission\MQL5\Files,PASS,PASS,PASS,PASS,PENDING,102,5,phase1-dry-run-v0.5,2026.05.21 22:45:00,2026.05.21 22:45:00,2026.05.22 02:44:58,NORMAL,false,true,CLOCK_OK,WAIT_LEVEL_BREAK_RETEST,LONG,false,6,6,5,0.375,7.5,C:\Users\ZHAO ZHU INFORMATION\Downloads\algo-trading-system\xau-usd\xauusd-phase1\outputs\reports\PHASE1_STATUS_SUMMARY.json,C:\Users\ZHAO ZHU INFORMATION\Downloads\algo-trading-system\xau-usd\xauusd-phase1\outputs\reports\PHASE1_DRY_RUN_LOG_REPORT.md,C:\Users\ZHAO ZHU INFORMATION\Downloads\algo-trading-system\xau-usd\xauusd-phase1\outputs\reports\PHASE1_SOAK_DRIFT_REPORT.md,C:\Users\ZHAO ZHU INFORMATION\Downloads\algo-trading-system\xau-usd\xauusd-phase1\outputs\reports\PHASE1_WOULD_SIGNAL_REPORT.md,C:\Users\ZHAO ZHU INFORMATION\Downloads\algo-trading-system\xau-usd\xauusd-phase1\outputs\reports\PHASE1_WOULD_SIGNAL_REVIEW.csv,C:\Users\ZHAO ZHU INFORMATION\Downloads\algo-trading-system\xau-usd\xauusd-phase1\outputs\reports\PHASE1_ACCEPTANCE_REPORT.md
2026-05-21T23:19:20.350524+00:00,C:\MT5PortableGoldMission\MQL5\Files,PASS,PASS,PASS,PASS,PENDING,108,5,phase1-dry-run-v0.5,2026.05.21 23:15:00,2026.05.21 23:15:00,2026.05.22 03:14:58,NORMAL,false,true,CLOCK_OK,WAIT_LEVEL_BREAK_RETEST,LONG,false,6,6,5,0.3958,7.92,C:\Users\ZHAO ZHU INFORMATION\Downloads\algo-trading-system\xau-usd\xauusd-phase1\outputs\reports\PHASE1_STATUS_SUMMARY.json,C:\Users\ZHAO ZHU INFORMATION\Downloads\algo-trading-system\xau-usd\xauusd-phase1\outputs\reports\PHASE1_DRY_RUN_LOG_REPORT.md,C:\Users\ZHAO ZHU INFORMATION\Downloads\algo-trading-system\xau-usd\xauusd-phase1\outputs\reports\PHASE1_SOAK_DRIFT_REPORT.md,C:\Users\ZHAO ZHU INFORMATION\Downloads\algo-trading-system\xau-usd\xauusd-phase1\outputs\reports\PHASE1_WOULD_SIGNAL_REPORT.md,C:\Users\ZHAO ZHU INFORMATION\Downloads\algo-trading-system\xau-usd\xauusd-phase1\outputs\reports\PHASE1_WOULD_SIGNAL_REVIEW.csv,C:\Users\ZHAO ZHU INFORMATION\Downloads\algo-trading-system\xau-usd\xauusd-phase1\outputs\reports\PHASE1_ACCEPTANCE_REPORT.md
2026-05-21T23:28:25.862512+00:00,C:\MT5PortableGoldMission\MQL5\Files,PASS,PASS,PASS,PASS,PENDING,110,5,phase1-dry-run-v0.5,2026.05.21 23:25:00,2026.05.21 23:25:02,2026.05.22 03:25:00,NORMAL,false,true,CLOCK_OK,WAIT_LEVEL_BREAK_RETEST,SHORT,false,6,6,5,0.4028,8.06,C:\Users\ZHAO ZHU INFORMATION\Downloads\algo-trading-system\xau-usd\xauusd-phase1\outputs\reports\PHASE1_STATUS_SUMMARY.json,C:\Users\ZHAO ZHU INFORMATION\Downloads\algo-trading-system\xau-usd\xauusd-phase1\outputs\reports\PHASE1_DRY_RUN_LOG_REPORT.md,C:\Users\ZHAO ZHU INFORMATION\Downloads\algo-trading-system\xau-usd\xauusd-phase1\outputs\reports\PHASE1_SOAK_DRIFT_REPORT.md,C:\Users\ZHAO ZHU INFORMATION\Downloads\algo-trading-system\xau-usd\xauusd-phase1\outputs\reports\PHASE1_WOULD_SIGNAL_REPORT.md,C:\Users\ZHAO ZHU INFORMATION\Downloads\algo-trading-system\xau-usd\xauusd-phase1\outputs\reports\PHASE1_WOULD_SIGNAL_REVIEW.csv,C:\Users\ZHAO ZHU INFORMATION\Downloads\algo-trading-system\xau-usd\xauusd-phase1\outputs\reports\PHASE1_ACCEPTANCE_REPORT.md
2026-05-21T23:50:01.456649+00:00,C:\MT5PortableGoldMission\MQL5\Files,PASS,PASS,PASS,PASS,PENDING,115,5,phase1-dry-run-v0.5,2026.05.21 23:50:00,2026.05.21 23:50:00,2026.05.22 03:49:58,NORMAL,false,true,CLOCK_OK,WAIT_LEVEL_BREAK_RETEST,LONG,false,7,7,5,0.4201,8.4,C:\Users\ZHAO ZHU INFORMATION\Downloads\algo-trading-system\xau-usd\xauusd-phase1\outputs\reports\PHASE1_STATUS_SUMMARY.json,C:\Users\ZHAO ZHU INFORMATION\Downloads\algo-trading-system\xau-usd\xauusd-phase1\outputs\reports\PHASE1_DRY_RUN_LOG_REPORT.md,C:\Users\ZHAO ZHU INFORMATION\Downloads\algo-trading-system\xau-usd\xauusd-phase1\outputs\reports\PHASE1_SOAK_DRIFT_REPORT.md,C:\Users\ZHAO ZHU INFORMATION\Downloads\algo-trading-system\xau-usd\xauusd-phase1\outputs\reports\PHASE1_WOULD_SIGNAL_REPORT.md,C:\Users\ZHAO ZHU INFORMATION\Downloads\algo-trading-system\xau-usd\xauusd-phase1\outputs\reports\PHASE1_WOULD_SIGNAL_REVIEW.csv,C:\Users\ZHAO ZHU INFORMATION\Downloads\algo-trading-system\xau-usd\xauusd-phase1\outputs\reports\PHASE1_ACCEPTANCE_REPORT.md
2026-05-22T00:51:20.887909+00:00,C:\MT5PortableGoldMission\MQL5\Files,PASS,PASS,PASS,PASS,PENDING,127,5,phase1-dry-run-v0.5,2026.05.22 00:50:00,2026.05.22 00:50:00,2026.05.22 04:49:58,NORMAL,false,true,CLOCK_OK,WOULD_SIGNAL,SHORT,true,8,8,5,0.4618,9.24,C:\Users\ZHAO ZHU INFORMATION\Downloads\algo-trading-system\xau-usd\xauusd-phase1\outputs\reports\PHASE1_STATUS_SUMMARY.json,C:\Users\ZHAO ZHU INFORMATION\Downloads\algo-trading-system\xau-usd\xauusd-phase1\outputs\reports\PHASE1_DRY_RUN_LOG_REPORT.md,C:\Users\ZHAO ZHU INFORMATION\Downloads\algo-trading-system\xau-usd\xauusd-phase1\outputs\reports\PHASE1_SOAK_DRIFT_REPORT.md,C:\Users\ZHAO ZHU INFORMATION\Downloads\algo-trading-system\xau-usd\xauusd-phase1\outputs\reports\PHASE1_WOULD_SIGNAL_REPORT.md,C:\Users\ZHAO ZHU INFORMATION\Downloads\algo-trading-system\xau-usd\xauusd-phase1\outputs\reports\PHASE1_WOULD_SIGNAL_REVIEW.csv,C:\Users\ZHAO ZHU INFORMATION\Downloads\algo-trading-system\xau-usd\xauusd-phase1\outputs\reports\PHASE1_ACCEPTANCE_REPORT.md
2026-05-22T01:53:26.553034+00:00,C:\MT5PortableGoldMission\MQL5\Files,PASS,PASS,PASS,PASS,PENDING,139,5,phase1-dry-run-v0.5,2026.05.22 01:50:00,2026.05.22 01:50:00,2026.05.22 05:49:58,NORMAL,false,true,CLOCK_OK,WAIT_LEVEL_BREAK_RETEST,LONG,false,10,10,5,0.5035,10.07,C:\Users\ZHAO ZHU INFORMATION\Downloads\algo-trading-system\xau-usd\xauusd-phase1\outputs\reports\PHASE1_STATUS_SUMMARY.json,C:\Users\ZHAO ZHU INFORMATION\Downloads\algo-trading-system\xau-usd\xauusd-phase1\outputs\reports\PHASE1_DRY_RUN_LOG_REPORT.md,C:\Users\ZHAO ZHU INFORMATION\Downloads\algo-trading-system\xau-usd\xauusd-phase1\outputs\reports\PHASE1_SOAK_DRIFT_REPORT.md,C:\Users\ZHAO ZHU INFORMATION\Downloads\algo-trading-system\xau-usd\xauusd-phase1\outputs\reports\PHASE1_WOULD_SIGNAL_REPORT.md,C:\Users\ZHAO ZHU INFORMATION\Downloads\algo-trading-system\xau-usd\xauusd-phase1\outputs\reports\PHASE1_WOULD_SIGNAL_REVIEW.csv,C:\Users\ZHAO ZHU INFORMATION\Downloads\algo-trading-system\xau-usd\xauusd-phase1\outputs\reports\PHASE1_ACCEPTANCE_REPORT.md
2026-05-22T02:55:16.250947+00:00,C:\MT5PortableGoldMission\MQL5\Files,PASS,PASS,PASS,PASS,PENDING,152,5,phase1-dry-run-v0.5,2026.05.22 02:55:00,2026.05.22 02:55:00,2026.05.22 06:54:58,NORMAL,false,true,CLOCK_OK,WAIT_LEVEL_BREAK_RETEST,SHORT,false,11,11,5,0.5486,10.97,C:\Users\ZHAO ZHU INFORMATION\Downloads\algo-trading-system\xau-usd\xauusd-phase1\outputs\reports\PHASE1_STATUS_SUMMARY.json,C:\Users\ZHAO ZHU INFORMATION\Downloads\algo-trading-system\xau-usd\xauusd-phase1\outputs\reports\PHASE1_DRY_RUN_LOG_REPORT.md,C:\Users\ZHAO ZHU INFORMATION\Downloads\algo-trading-system\xau-usd\xauusd-phase1\outputs\reports\PHASE1_SOAK_DRIFT_REPORT.md,C:\Users\ZHAO ZHU INFORMATION\Downloads\algo-trading-system\xau-usd\xauusd-phase1\outputs\reports\PHASE1_WOULD_SIGNAL_REPORT.md,C:\Users\ZHAO ZHU INFORMATION\Downloads\algo-trading-system\xau-usd\xauusd-phase1\outputs\reports\PHASE1_WOULD_SIGNAL_REVIEW.csv,C:\Users\ZHAO ZHU INFORMATION\Downloads\algo-trading-system\xau-usd\xauusd-phase1\outputs\reports\PHASE1_ACCEPTANCE_REPORT.md
2026-05-22T03:00:39.039440+00:00,C:\MT5PortableGoldMission\MQL5\Files,PASS,PASS,PASS,PASS,PENDING,153,5,phase1-dry-run-v0.5,2026.05.22 03:00:00,2026.05.22 03:00:00,2026.05.22 06:59:58,NORMAL,false,true,CLOCK_OK,WAIT_LEVEL_BREAK_RETEST,LONG,false,11,11,5,0.5521,11.04,C:\Users\ZHAO ZHU INFORMATION\Downloads\algo-trading-system\xau-usd\xauusd-phase1\outputs\reports\PHASE1_STATUS_SUMMARY.json,C:\Users\ZHAO ZHU INFORMATION\Downloads\algo-trading-system\xau-usd\xauusd-phase1\outputs\reports\PHASE1_DRY_RUN_LOG_REPORT.md,C:\Users\ZHAO ZHU INFORMATION\Downloads\algo-trading-system\xau-usd\xauusd-phase1\outputs\reports\PHASE1_SOAK_DRIFT_REPORT.md,C:\Users\ZHAO ZHU INFORMATION\Downloads\algo-trading-system\xau-usd\xauusd-phase1\outputs\reports\PHASE1_WOULD_SIGNAL_REPORT.md,C:\Users\ZHAO ZHU INFORMATION\Downloads\algo-trading-system\xau-usd\xauusd-phase1\outputs\reports\PHASE1_WOULD_SIGNAL_REVIEW.csv,C:\Users\ZHAO ZHU INFORMATION\Downloads\algo-trading-system\xau-usd\xauusd-phase1\outputs\reports\PHASE1_ACCEPTANCE_REPORT.md
2026-05-22T03:56:55.763978+00:00,C:\MT5PortableGoldMission\MQL5\Files,PASS,PASS,PASS,PASS,PENDING,164,5,phase1-dry-run-v0.5,2026.05.22 03:55:00,2026.05.22 03:55:01,2026.05.22 07:54:58,NORMAL,false,true,CLOCK_OK,WAIT_LEVEL_BREAK_RETEST,SHORT,false,11,11,5,0.5903,11.81,C:\Users\ZHAO ZHU INFORMATION\Downloads\algo-trading-system\xau-usd\xauusd-phase1\outputs\reports\PHASE1_STATUS_SUMMARY.json,C:\Users\ZHAO ZHU INFORMATION\Downloads\algo-trading-system\xau-usd\xauusd-phase1\outputs\reports\PHASE1_DRY_RUN_LOG_REPORT.md,C:\Users\ZHAO ZHU INFORMATION\Downloads\algo-trading-system\xau-usd\xauusd-phase1\outputs\reports\PHASE1_SOAK_DRIFT_REPORT.md,C:\Users\ZHAO ZHU INFORMATION\Downloads\algo-trading-system\xau-usd\xauusd-phase1\outputs\reports\PHASE1_WOULD_SIGNAL_REPORT.md,C:\Users\ZHAO ZHU INFORMATION\Downloads\algo-trading-system\xau-usd\xauusd-phase1\outputs\reports\PHASE1_WOULD_SIGNAL_REVIEW.csv,C:\Users\ZHAO ZHU INFORMATION\Downloads\algo-trading-system\xau-usd\xauusd-phase1\outputs\reports\PHASE1_ACCEPTANCE_REPORT.md
2026-05-22T04:58:00.469677+00:00,C:\MT5PortableGoldMission\MQL5\Files,PASS,PASS,PASS,PASS,PENDING,176,5,phase1-dry-run-v0.5,2026.05.22 04:55:00,2026.05.22 04:55:00,2026.05.22 08:54:57,NORMAL,false,true,CLOCK_OK,WAIT_LEVEL_BREAK_RETEST,LONG,false,12,12,5,0.6319,12.64,C:\Users\ZHAO ZHU INFORMATION\Downloads\algo-trading-system\xau-usd\xauusd-phase1\outputs\reports\PHASE1_STATUS_SUMMARY.json,C:\Users\ZHAO ZHU INFORMATION\Downloads\algo-trading-system\xau-usd\xauusd-phase1\outputs\reports\PHASE1_DRY_RUN_LOG_REPORT.md,C:\Users\ZHAO ZHU INFORMATION\Downloads\algo-trading-system\xau-usd\xauusd-phase1\outputs\reports\PHASE1_SOAK_DRIFT_REPORT.md,C:\Users\ZHAO ZHU INFORMATION\Downloads\algo-trading-system\xau-usd\xauusd-phase1\outputs\reports\PHASE1_WOULD_SIGNAL_REPORT.md,C:\Users\ZHAO ZHU INFORMATION\Downloads\algo-trading-system\xau-usd\xauusd-phase1\outputs\reports\PHASE1_WOULD_SIGNAL_REVIEW.csv,C:\Users\ZHAO ZHU INFORMATION\Downloads\algo-trading-system\xau-usd\xauusd-phase1\outputs\reports\PHASE1_ACCEPTANCE_REPORT.md
2026-05-22T05:28:50.122794+00:00,C:\MT5PortableGoldMission\MQL5\Files,PASS,PASS,PASS,PASS,PENDING,182,5,phase1-dry-run-v0.5,2026.05.22 05:25:00,2026.05.22 05:25:00,2026.05.22 09:24:57,NORMAL,false,true,CLOCK_OK,WAIT_LEVEL_BREAK_RETEST,LONG,false,12,12,5,0.6528,13.06,C:\Users\ZHAO ZHU INFORMATION\Downloads\algo-trading-system\xau-usd\xauusd-phase1\outputs\reports\PHASE1_STATUS_SUMMARY.json,C:\Users\ZHAO ZHU INFORMATION\Downloads\algo-trading-system\xau-usd\xauusd-phase1\outputs\reports\PHASE1_DRY_RUN_LOG_REPORT.md,C:\Users\ZHAO ZHU INFORMATION\Downloads\algo-trading-system\xau-usd\xauusd-phase1\outputs\reports\PHASE1_SOAK_DRIFT_REPORT.md,C:\Users\ZHAO ZHU INFORMATION\Downloads\algo-trading-system\xau-usd\xauusd-phase1\outputs\reports\PHASE1_WOULD_SIGNAL_REPORT.md,C:\Users\ZHAO ZHU INFORMATION\Downloads\algo-trading-system\xau-usd\xauusd-phase1\outputs\reports\PHASE1_WOULD_SIGNAL_REVIEW.csv,C:\Users\ZHAO ZHU INFORMATION\Downloads\algo-trading-system\xau-usd\xauusd-phase1\outputs\reports\PHASE1_ACCEPTANCE_REPORT.md
2026-05-22T05:59:40.705227+00:00,C:\MT5PortableGoldMission\MQL5\Files,PASS,PASS,PASS,PASS,PENDING,188,5,phase1-dry-run-v0.5,2026.05.22 05:55:00,2026.05.22 05:55:00,2026.05.22 09:54:57,NORMAL,false,true,CLOCK_OK,WAIT_LEVEL_BREAK_RETEST,SHORT,false,13,13,5,0.6736,13.47,C:\Users\ZHAO ZHU INFORMATION\Downloads\algo-trading-system\xau-usd\xauusd-phase1\outputs\reports\PHASE1_STATUS_SUMMARY.json,C:\Users\ZHAO ZHU INFORMATION\Downloads\algo-trading-system\xau-usd\xauusd-phase1\outputs\reports\PHASE1_DRY_RUN_LOG_REPORT.md,C:\Users\ZHAO ZHU INFORMATION\Downloads\algo-trading-system\xau-usd\xauusd-phase1\outputs\reports\PHASE1_SOAK_DRIFT_REPORT.md,C:\Users\ZHAO ZHU INFORMATION\Downloads\algo-trading-system\xau-usd\xauusd-phase1\outputs\reports\PHASE1_WOULD_SIGNAL_REPORT.md,C:\Users\ZHAO ZHU INFORMATION\Downloads\algo-trading-system\xau-usd\xauusd-phase1\outputs\reports\PHASE1_WOULD_SIGNAL_REVIEW.csv,C:\Users\ZHAO ZHU INFORMATION\Downloads\algo-trading-system\xau-usd\xauusd-phase1\outputs\reports\PHASE1_ACCEPTANCE_REPORT.md
2026-05-22T06:05:02.763056+00:00,C:\MT5PortableGoldMission\MQL5\Files,PASS,PASS,PASS,PASS,PENDING,190,5,phase1-dry-run-v0.5,2026.05.22 06:05:00,2026.05.22 06:05:00,2026.05.22 10:04:57,NORMAL,false,true,CLOCK_OK,WAIT_LEVEL_BREAK_RETEST,LONG,false,13,13,5,0.6806,13.61,C:\Users\ZHAO ZHU INFORMATION\Downloads\algo-trading-system\xau-usd\xauusd-phase1\outputs\reports\PHASE1_STATUS_SUMMARY.json,C:\Users\ZHAO ZHU INFORMATION\Downloads\algo-trading-system\xau-usd\xauusd-phase1\outputs\reports\PHASE1_DRY_RUN_LOG_REPORT.md,C:\Users\ZHAO ZHU INFORMATION\Downloads\algo-trading-system\xau-usd\xauusd-phase1\outputs\reports\PHASE1_SOAK_DRIFT_REPORT.md,C:\Users\ZHAO ZHU INFORMATION\Downloads\algo-trading-system\xau-usd\xauusd-phase1\outputs\reports\PHASE1_WOULD_SIGNAL_REPORT.md,C:\Users\ZHAO ZHU INFORMATION\Downloads\algo-trading-system\xau-usd\xauusd-phase1\outputs\reports\PHASE1_WOULD_SIGNAL_REVIEW.csv,C:\Users\ZHAO ZHU INFORMATION\Downloads\algo-trading-system\xau-usd\xauusd-phase1\outputs\reports\PHASE1_ACCEPTANCE_REPORT.md
2026-05-22T06:05:06.898675+00:00,C:\MT5PortableGoldMission\MQL5\Files,PASS,PASS,PASS,PASS,PENDING,190,5,phase1-dry-run-v0.5,2026.05.22 06:05:00,2026.05.22 06:05:00,2026.05.22 10:04:57,NORMAL,false,true,CLOCK_OK,WAIT_LEVEL_BREAK_RETEST,LONG,false,13,13,5,0.6806,13.61,C:\Users\ZHAO ZHU INFORMATION\Downloads\algo-trading-system\xau-usd\xauusd-phase1\outputs\reports\PHASE1_STATUS_SUMMARY.json,C:\Users\ZHAO ZHU INFORMATION\Downloads\algo-trading-system\xau-usd\xauusd-phase1\outputs\reports\PHASE1_DRY_RUN_LOG_REPORT.md,C:\Users\ZHAO ZHU INFORMATION\Downloads\algo-trading-system\xau-usd\xauusd-phase1\outputs\reports\PHASE1_SOAK_DRIFT_REPORT.md,C:\Users\ZHAO ZHU INFORMATION\Downloads\algo-trading-system\xau-usd\xauusd-phase1\outputs\reports\PHASE1_WOULD_SIGNAL_REPORT.md,C:\Users\ZHAO ZHU INFORMATION\Downloads\algo-trading-system\xau-usd\xauusd-phase1\outputs\reports\PHASE1_WOULD_SIGNAL_REVIEW.csv,C:\Users\ZHAO ZHU INFORMATION\Downloads\algo-trading-system\xau-usd\xauusd-phase1\outputs\reports\PHASE1_ACCEPTANCE_REPORT.md
2026-05-22T06:30:51.507653+00:00,C:\MT5PortableGoldMission\MQL5\Files,PASS,PASS,PASS,PASS,PENDING,195,5,phase1-dry-run-v0.5,2026.05.22 06:30:00,2026.05.22 06:30:00,2026.05.22 10:29:57,NORMAL,false,true,CLOCK_OK,WAIT_LEVEL_BREAK_RETEST,LONG,false,14,14,5,0.6979,13.96,C:\Users\ZHAO ZHU INFORMATION\Downloads\algo-trading-system\xau-usd\xauusd-phase1\outputs\reports\PHASE1_STATUS_SUMMARY.json,C:\Users\ZHAO ZHU INFORMATION\Downloads\algo-trading-system\xau-usd\xauusd-phase1\outputs\reports\PHASE1_DRY_RUN_LOG_REPORT.md,C:\Users\ZHAO ZHU INFORMATION\Downloads\algo-trading-system\xau-usd\xauusd-phase1\outputs\reports\PHASE1_SOAK_DRIFT_REPORT.md,C:\Users\ZHAO ZHU INFORMATION\Downloads\algo-trading-system\xau-usd\xauusd-phase1\outputs\reports\PHASE1_WOULD_SIGNAL_REPORT.md,C:\Users\ZHAO ZHU INFORMATION\Downloads\algo-trading-system\xau-usd\xauusd-phase1\outputs\reports\PHASE1_WOULD_SIGNAL_REVIEW.csv,C:\Users\ZHAO ZHU INFORMATION\Downloads\algo-trading-system\xau-usd\xauusd-phase1\outputs\reports\PHASE1_ACCEPTANCE_REPORT.md
2026-05-22T06:30:58.431574+00:00,C:\MT5PortableGoldMission\MQL5\Files,PASS,PASS,PASS,PASS,PENDING,195,5,phase1-dry-run-v0.5,2026.05.22 06:30:00,2026.05.22 06:30:00,2026.05.22 10:29:57,NORMAL,false,true,CLOCK_OK,WAIT_LEVEL_BREAK_RETEST,LONG,false,14,14,5,0.6979,13.96,C:\Users\ZHAO ZHU INFORMATION\Downloads\algo-trading-system\xau-usd\xauusd-phase1\outputs\reports\PHASE1_STATUS_SUMMARY.json,C:\Users\ZHAO ZHU INFORMATION\Downloads\algo-trading-system\xau-usd\xauusd-phase1\outputs\reports\PHASE1_DRY_RUN_LOG_REPORT.md,C:\Users\ZHAO ZHU INFORMATION\Downloads\algo-trading-system\xau-usd\xauusd-phase1\outputs\reports\PHASE1_SOAK_DRIFT_REPORT.md,C:\Users\ZHAO ZHU INFORMATION\Downloads\algo-trading-system\xau-usd\xauusd-phase1\outputs\reports\PHASE1_WOULD_SIGNAL_REPORT.md,C:\Users\ZHAO ZHU INFORMATION\Downloads\algo-trading-system\xau-usd\xauusd-phase1\outputs\reports\PHASE1_WOULD_SIGNAL_REVIEW.csv,C:\Users\ZHAO ZHU INFORMATION\Downloads\algo-trading-system\xau-usd\xauusd-phase1\outputs\reports\PHASE1_ACCEPTANCE_REPORT.md
2026-05-22T06:35:09.105521+00:00,C:\MT5PortableGoldMission\MQL5\Files,PASS,PASS,PASS,PASS,PENDING,196,5,phase1-dry-run-v0.5,2026.05.22 06:35:00,2026.05.22 06:35:00,2026.05.22 10:34:57,NORMAL,false,true,CLOCK_OK,WAIT_LEVEL_BREAK_RETEST,LONG,false,14,14,5,0.7014,14.03,C:\Users\ZHAO ZHU INFORMATION\Downloads\algo-trading-system\xau-usd\xauusd-phase1\outputs\reports\PHASE1_STATUS_SUMMARY.json,C:\Users\ZHAO ZHU INFORMATION\Downloads\algo-trading-system\xau-usd\xauusd-phase1\outputs\reports\PHASE1_DRY_RUN_LOG_REPORT.md,C:\Users\ZHAO ZHU INFORMATION\Downloads\algo-trading-system\xau-usd\xauusd-phase1\outputs\reports\PHASE1_SOAK_DRIFT_REPORT.md,C:\Users\ZHAO ZHU INFORMATION\Downloads\algo-trading-system\xau-usd\xauusd-phase1\outputs\reports\PHASE1_WOULD_SIGNAL_REPORT.md,C:\Users\ZHAO ZHU INFORMATION\Downloads\algo-trading-system\xau-usd\xauusd-phase1\outputs\reports\PHASE1_WOULD_SIGNAL_REVIEW.csv,C:\Users\ZHAO ZHU INFORMATION\Downloads\algo-trading-system\xau-usd\xauusd-phase1\outputs\reports\PHASE1_ACCEPTANCE_REPORT.md
2026-05-22T06:35:40.665351+00:00,C:\MT5PortableGoldMission\MQL5\Files,PASS,PASS,PASS,PASS,PENDING,196,5,phase1-dry-run-v0.5,2026.05.22 06:35:00,2026.05.22 06:35:00,2026.05.22 10:34:57,NORMAL,false,true,CLOCK_OK,WAIT_LEVEL_BREAK_RETEST,LONG,false,14,14,5,0.7014,14.03,C:\Users\ZHAO ZHU INFORMATION\Downloads\algo-trading-system\xau-usd\xauusd-phase1\outputs\reports\PHASE1_STATUS_SUMMARY.json,C:\Users\ZHAO ZHU INFORMATION\Downloads\algo-trading-system\xau-usd\xauusd-phase1\outputs\reports\PHASE1_DRY_RUN_LOG_REPORT.md,C:\Users\ZHAO ZHU INFORMATION\Downloads\algo-trading-system\xau-usd\xauusd-phase1\outputs\reports\PHASE1_SOAK_DRIFT_REPORT.md,C:\Users\ZHAO ZHU INFORMATION\Downloads\algo-trading-system\xau-usd\xauusd-phase1\outputs\reports\PHASE1_WOULD_SIGNAL_REPORT.md,C:\Users\ZHAO ZHU INFORMATION\Downloads\algo-trading-system\xau-usd\xauusd-phase1\outputs\reports\PHASE1_WOULD_SIGNAL_REVIEW.csv,C:\Users\ZHAO ZHU INFORMATION\Downloads\algo-trading-system\xau-usd\xauusd-phase1\outputs\reports\PHASE1_ACCEPTANCE_REPORT.md
2026-05-22T06:37:02.610178+00:00,C:\MT5PortableGoldMission\MQL5\Files,PASS,PASS,PASS,PASS,PENDING,196,5,phase1-dry-run-v0.5,2026.05.22 06:35:00,2026.05.22 06:35:00,2026.05.22 10:34:57,NORMAL,false,true,CLOCK_OK,WAIT_LEVEL_BREAK_RETEST,LONG,false,14,14,5,0.7014,14.03,C:\Users\ZHAO ZHU INFORMATION\Downloads\algo-trading-system\xau-usd\xauusd-phase1\outputs\reports\PHASE1_STATUS_SUMMARY.json,C:\Users\ZHAO ZHU INFORMATION\Downloads\algo-trading-system\xau-usd\xauusd-phase1\outputs\reports\PHASE1_DRY_RUN_LOG_REPORT.md,C:\Users\ZHAO ZHU INFORMATION\Downloads\algo-trading-system\xau-usd\xauusd-phase1\outputs\reports\PHASE1_SOAK_DRIFT_REPORT.md,C:\Users\ZHAO ZHU INFORMATION\Downloads\algo-trading-system\xau-usd\xauusd-phase1\outputs\reports\PHASE1_WOULD_SIGNAL_REPORT.md,C:\Users\ZHAO ZHU INFORMATION\Downloads\algo-trading-system\xau-usd\xauusd-phase1\outputs\reports\PHASE1_WOULD_SIGNAL_REVIEW.csv,C:\Users\ZHAO ZHU INFORMATION\Downloads\algo-trading-system\xau-usd\xauusd-phase1\outputs\reports\PHASE1_ACCEPTANCE_REPORT.md
2026-05-22T06:37:07.652332+00:00,C:\MT5PortableGoldMission\MQL5\Files,PASS,PASS,PASS,PASS,PENDING,196,5,phase1-dry-run-v0.5,2026.05.22 06:35:00,2026.05.22 06:35:00,2026.05.22 10:34:57,NORMAL,false,true,CLOCK_OK,WAIT_LEVEL_BREAK_RETEST,LONG,false,14,14,5,0.7014,14.03,C:\Users\ZHAO ZHU INFORMATION\Downloads\algo-trading-system\xau-usd\xauusd-phase1\outputs\reports\PHASE1_STATUS_SUMMARY.json,C:\Users\ZHAO ZHU INFORMATION\Downloads\algo-trading-system\xau-usd\xauusd-phase1\outputs\reports\PHASE1_DRY_RUN_LOG_REPORT.md,C:\Users\ZHAO ZHU INFORMATION\Downloads\algo-trading-system\xau-usd\xauusd-phase1\outputs\reports\PHASE1_SOAK_DRIFT_REPORT.md,C:\Users\ZHAO ZHU INFORMATION\Downloads\algo-trading-system\xau-usd\xauusd-phase1\outputs\reports\PHASE1_WOULD_SIGNAL_REPORT.md,C:\Users\ZHAO ZHU INFORMATION\Downloads\algo-trading-system\xau-usd\xauusd-phase1\outputs\reports\PHASE1_WOULD_SIGNAL_REVIEW.csv,C:\Users\ZHAO ZHU INFORMATION\Downloads\algo-trading-system\xau-usd\xauusd-phase1\outputs\reports\PHASE1_ACCEPTANCE_REPORT.md
2026-05-22T06:41:56.240237+00:00,C:\MT5PortableGoldMission\MQL5\Files,PASS,PASS,PASS,PASS,PENDING,197,5,phase1-dry-run-v0.5,2026.05.22 06:40:00,2026.05.22 06:40:00,2026.05.22 10:39:57,NORMAL,false,true,CLOCK_OK,WAIT_LEVEL_BREAK_RETEST,SHORT,false,14,14,5,0.7049,14.1,C:\Users\ZHAO ZHU INFORMATION\Downloads\algo-trading-system\xau-usd\xauusd-phase1\outputs\reports\PHASE1_STATUS_SUMMARY.json,C:\Users\ZHAO ZHU INFORMATION\Downloads\algo-trading-system\xau-usd\xauusd-phase1\outputs\reports\PHASE1_DRY_RUN_LOG_REPORT.md,C:\Users\ZHAO ZHU INFORMATION\Downloads\algo-trading-system\xau-usd\xauusd-phase1\outputs\reports\PHASE1_SOAK_DRIFT_REPORT.md,C:\Users\ZHAO ZHU INFORMATION\Downloads\algo-trading-system\xau-usd\xauusd-phase1\outputs\reports\PHASE1_WOULD_SIGNAL_REPORT.md,C:\Users\ZHAO ZHU INFORMATION\Downloads\algo-trading-system\xau-usd\xauusd-phase1\outputs\reports\PHASE1_WOULD_SIGNAL_REVIEW.csv,C:\Users\ZHAO ZHU INFORMATION\Downloads\algo-trading-system\xau-usd\xauusd-phase1\outputs\reports\PHASE1_ACCEPTANCE_REPORT.md
2026-05-22T06:41:56.603607+00:00,C:\MT5PortableGoldMission\MQL5\Files,PASS,PASS,PASS,PASS,PENDING,197,5,phase1-dry-run-v0.5,2026.05.22 06:40:00,2026.05.22 06:40:00,2026.05.22 10:39:57,NORMAL,false,true,CLOCK_OK,WAIT_LEVEL_BREAK_RETEST,SHORT,false,14,14,5,0.7049,14.1,C:\Users\ZHAO ZHU INFORMATION\Downloads\algo-trading-system\xau-usd\xauusd-phase1\outputs\reports\PHASE1_STATUS_SUMMARY.json,C:\Users\ZHAO ZHU INFORMATION\Downloads\algo-trading-system\xau-usd\xauusd-phase1\outputs\reports\PHASE1_DRY_RUN_LOG_REPORT.md,C:\Users\ZHAO ZHU INFORMATION\Downloads\algo-trading-system\xau-usd\xauusd-phase1\outputs\reports\PHASE1_SOAK_DRIFT_REPORT.md,C:\Users\ZHAO ZHU INFORMATION\Downloads\algo-trading-system\xau-usd\xauusd-phase1\outputs\reports\PHASE1_WOULD_SIGNAL_REPORT.md,C:\Users\ZHAO ZHU INFORMATION\Downloads\algo-trading-system\xau-usd\xauusd-phase1\outputs\reports\PHASE1_WOULD_SIGNAL_REVIEW.csv,C:\Users\ZHAO ZHU INFORMATION\Downloads\algo-trading-system\xau-usd\xauusd-phase1\outputs\reports\PHASE1_ACCEPTANCE_REPORT.md
2026-05-22T07:01:07.365628+00:00,C:\MT5PortableGoldMission\MQL5\Files,PASS,PASS,PASS,PASS,PENDING,201,5,phase1-dry-run-v0.5,2026.05.22 07:00:00,2026.05.22 07:00:00,2026.05.22 10:59:57,NORMAL,false,true,CLOCK_OK,WAIT_LEVEL_BREAK_RETEST,LONG,false,14,14,5,0.7188,14.37,C:\Users\ZHAO ZHU INFORMATION\Downloads\algo-trading-system\xau-usd\xauusd-phase1\outputs\reports\PHASE1_STATUS_SUMMARY.json,C:\Users\ZHAO ZHU INFORMATION\Downloads\algo-trading-system\xau-usd\xauusd-phase1\outputs\reports\PHASE1_DRY_RUN_LOG_REPORT.md,C:\Users\ZHAO ZHU INFORMATION\Downloads\algo-trading-system\xau-usd\xauusd-phase1\outputs\reports\PHASE1_SOAK_DRIFT_REPORT.md,C:\Users\ZHAO ZHU INFORMATION\Downloads\algo-trading-system\xau-usd\xauusd-phase1\outputs\reports\PHASE1_WOULD_SIGNAL_REPORT.md,C:\Users\ZHAO ZHU INFORMATION\Downloads\algo-trading-system\xau-usd\xauusd-phase1\outputs\reports\PHASE1_WOULD_SIGNAL_REVIEW.csv,C:\Users\ZHAO ZHU INFORMATION\Downloads\algo-trading-system\xau-usd\xauusd-phase1\outputs\reports\PHASE1_ACCEPTANCE_REPORT.md
2026-05-22T07:12:15.307285+00:00,C:\MT5PortableGoldMission\MQL5\Files,PASS,PASS,PASS,PASS,PENDING,203,5,phase1-dry-run-v0.5,2026.05.22 07:10:00,2026.05.22 07:10:00,2026.05.22 11:09:57,NORMAL,false,true,CLOCK_OK,WAIT_LEVEL_BREAK_RETEST,SHORT,false,14,14,5,0.7257,14.51,C:\Users\ZHAO ZHU INFORMATION\Downloads\algo-trading-system\xau-usd\xauusd-phase1\outputs\reports\PHASE1_STATUS_SUMMARY.json,C:\Users\ZHAO ZHU INFORMATION\Downloads\algo-trading-system\xau-usd\xauusd-phase1\outputs\reports\PHASE1_DRY_RUN_LOG_REPORT.md,C:\Users\ZHAO ZHU INFORMATION\Downloads\algo-trading-system\xau-usd\xauusd-phase1\outputs\reports\PHASE1_SOAK_DRIFT_REPORT.md,C:\Users\ZHAO ZHU INFORMATION\Downloads\algo-trading-system\xau-usd\xauusd-phase1\outputs\reports\PHASE1_WOULD_SIGNAL_REPORT.md,C:\Users\ZHAO ZHU INFORMATION\Downloads\algo-trading-system\xau-usd\xauusd-phase1\outputs\reports\PHASE1_WOULD_SIGNAL_REVIEW.csv,C:\Users\ZHAO ZHU INFORMATION\Downloads\algo-trading-system\xau-usd\xauusd-phase1\outputs\reports\PHASE1_ACCEPTANCE_REPORT.md
2026-05-22T08:01:11.937654+00:00,C:\MT5PortableGoldMission\MQL5\Files,PASS,PASS,PASS,PASS,PENDING,213,5,phase1-dry-run-v0.5,2026.05.22 08:00:00,2026.05.22 08:00:00,2026.05.22 11:59:57,NORMAL,false,true,CLOCK_OK,WAIT_LEVEL_BREAK_RETEST,LONG,false,14,14,5,0.7604,15.21,C:\Users\ZHAO ZHU INFORMATION\Downloads\algo-trading-system\xau-usd\xauusd-phase1\outputs\reports\PHASE1_STATUS_SUMMARY.json,C:\Users\ZHAO ZHU INFORMATION\Downloads\algo-trading-system\xau-usd\xauusd-phase1\outputs\reports\PHASE1_DRY_RUN_LOG_REPORT.md,C:\Users\ZHAO ZHU INFORMATION\Downloads\algo-trading-system\xau-usd\xauusd-phase1\outputs\reports\PHASE1_SOAK_DRIFT_REPORT.md,C:\Users\ZHAO ZHU INFORMATION\Downloads\algo-trading-system\xau-usd\xauusd-phase1\outputs\reports\PHASE1_WOULD_SIGNAL_REPORT.md,C:\Users\ZHAO ZHU INFORMATION\Downloads\algo-trading-system\xau-usd\xauusd-phase1\outputs\reports\PHASE1_WOULD_SIGNAL_REVIEW.csv,C:\Users\ZHAO ZHU INFORMATION\Downloads\algo-trading-system\xau-usd\xauusd-phase1\outputs\reports\PHASE1_ACCEPTANCE_REPORT.md
2026-05-22T09:03:52.537786+00:00,C:\MT5PortableGoldMission\MQL5\Files,PASS,PASS,PASS,PASS,PENDING,225,5,phase1-dry-run-v0.5,2026.05.22 09:00:00,2026.05.22 09:00:00,2026.05.22 12:59:57,NORMAL,false,true,CLOCK_OK,WAIT_LEVEL_BREAK_RETEST,SHORT,false,14,14,5,0.8021,16.04,C:\Users\ZHAO ZHU INFORMATION\Downloads\algo-trading-system\xau-usd\xauusd-phase1\outputs\reports\PHASE1_STATUS_SUMMARY.json,C:\Users\ZHAO ZHU INFORMATION\Downloads\algo-trading-system\xau-usd\xauusd-phase1\outputs\reports\PHASE1_DRY_RUN_LOG_REPORT.md,C:\Users\ZHAO ZHU INFORMATION\Downloads\algo-trading-system\xau-usd\xauusd-phase1\outputs\reports\PHASE1_SOAK_DRIFT_REPORT.md,C:\Users\ZHAO ZHU INFORMATION\Downloads\algo-trading-system\xau-usd\xauusd-phase1\outputs\reports\PHASE1_WOULD_SIGNAL_REPORT.md,C:\Users\ZHAO ZHU INFORMATION\Downloads\algo-trading-system\xau-usd\xauusd-phase1\outputs\reports\PHASE1_WOULD_SIGNAL_REVIEW.csv,C:\Users\ZHAO ZHU INFORMATION\Downloads\algo-trading-system\xau-usd\xauusd-phase1\outputs\reports\PHASE1_ACCEPTANCE_REPORT.md
2026-05-22T09:04:05.336045+00:00,C:\MT5PortableGoldMission\MQL5\Files,PASS,PASS,PASS,PASS,PENDING,225,5,phase1-dry-run-v0.5,2026.05.22 09:00:00,2026.05.22 09:00:00,2026.05.22 12:59:57,NORMAL,false,true,CLOCK_OK,WAIT_LEVEL_BREAK_RETEST,SHORT,false,14,14,5,0.8021,16.04,C:\Users\ZHAO ZHU INFORMATION\Downloads\algo-trading-system\xau-usd\xauusd-phase1\outputs\reports\PHASE1_STATUS_SUMMARY.json,C:\Users\ZHAO ZHU INFORMATION\Downloads\algo-trading-system\xau-usd\xauusd-phase1\outputs\reports\PHASE1_DRY_RUN_LOG_REPORT.md,C:\Users\ZHAO ZHU INFORMATION\Downloads\algo-trading-system\xau-usd\xauusd-phase1\outputs\reports\PHASE1_SOAK_DRIFT_REPORT.md,C:\Users\ZHAO ZHU INFORMATION\Downloads\algo-trading-system\xau-usd\xauusd-phase1\outputs\reports\PHASE1_WOULD_SIGNAL_REPORT.md,C:\Users\ZHAO ZHU INFORMATION\Downloads\algo-trading-system\xau-usd\xauusd-phase1\outputs\reports\PHASE1_WOULD_SIGNAL_REVIEW.csv,C:\Users\ZHAO ZHU INFORMATION\Downloads\algo-trading-system\xau-usd\xauusd-phase1\outputs\reports\PHASE1_ACCEPTANCE_REPORT.md
2026-05-22T10:04:38.804373+00:00,C:\MT5PortableGoldMission\MQL5\Files,PASS,PASS,PASS,PASS,PENDING,237,5,phase1-dry-run-v0.5,2026.05.22 10:00:00,2026.05.22 10:00:00,2026.05.22 13:59:56,NORMAL,false,true,CLOCK_OK,WAIT_LEVEL_BREAK_RETEST,SHORT,false,14,14,5,0.8438,16.88,C:\Users\ZHAO ZHU INFORMATION\Downloads\algo-trading-system\xau-usd\xauusd-phase1\outputs\reports\PHASE1_STATUS_SUMMARY.json,C:\Users\ZHAO ZHU INFORMATION\Downloads\algo-trading-system\xau-usd\xauusd-phase1\outputs\reports\PHASE1_DRY_RUN_LOG_REPORT.md,C:\Users\ZHAO ZHU INFORMATION\Downloads\algo-trading-system\xau-usd\xauusd-phase1\outputs\reports\PHASE1_SOAK_DRIFT_REPORT.md,C:\Users\ZHAO ZHU INFORMATION\Downloads\algo-trading-system\xau-usd\xauusd-phase1\outputs\reports\PHASE1_WOULD_SIGNAL_REPORT.md,C:\Users\ZHAO ZHU INFORMATION\Downloads\algo-trading-system\xau-usd\xauusd-phase1\outputs\reports\PHASE1_WOULD_SIGNAL_REVIEW.csv,C:\Users\ZHAO ZHU INFORMATION\Downloads\algo-trading-system\xau-usd\xauusd-phase1\outputs\reports\PHASE1_ACCEPTANCE_REPORT.md
2026-05-22T11:06:06.926980+00:00,C:\MT5PortableGoldMission\MQL5\Files,WARN,PASS,WARN,WARN,PENDING,3,1,phase1-dry-run-v0.6,2026.05.22 11:05:00,2026.05.22 11:05:00,2026.05.22 15:04:57,NORMAL,false,true,CLOCK_OK,WAIT_LEVEL_BREAK_RETEST,LONG,false,0,0,5,0.0035,0.07,C:\Users\ZHAO ZHU INFORMATION\Downloads\algo-trading-system\xau-usd\xauusd-phase1\outputs\reports\PHASE1_STATUS_SUMMARY.json,C:\Users\ZHAO ZHU INFORMATION\Downloads\algo-trading-system\xau-usd\xauusd-phase1\outputs\reports\PHASE1_DRY_RUN_LOG_REPORT.md,C:\Users\ZHAO ZHU INFORMATION\Downloads\algo-trading-system\xau-usd\xauusd-phase1\outputs\reports\PHASE1_SOAK_DRIFT_REPORT.md,C:\Users\ZHAO ZHU INFORMATION\Downloads\algo-trading-system\xau-usd\xauusd-phase1\outputs\reports\PHASE1_WOULD_SIGNAL_REPORT.md,C:\Users\ZHAO ZHU INFORMATION\Downloads\algo-trading-system\xau-usd\xauusd-phase1\outputs\reports\PHASE1_WOULD_SIGNAL_REVIEW.csv,C:\Users\ZHAO ZHU INFORMATION\Downloads\algo-trading-system\xau-usd\xauusd-phase1\outputs\reports\PHASE1_ACCEPTANCE_REPORT.md
2026-05-22T11:06:33.057268+00:00,C:\MT5PortableGoldMission\MQL5\Files,WARN,PASS,WARN,WARN,FAIL,3,1,phase1-dry-run-v0.6,2026.05.22 11:05:00,2026.05.22 11:05:00,2026.05.22 15:04:57,NORMAL,false,true,CLOCK_OK,WAIT_LEVEL_BREAK_RETEST,LONG,false,0,0,5,0.0035,0.07,C:\Users\ZHAO ZHU INFORMATION\Downloads\algo-trading-system\xau-usd\xauusd-phase1\outputs\reports\PHASE1_STATUS_SUMMARY.json,C:\Users\ZHAO ZHU INFORMATION\Downloads\algo-trading-system\xau-usd\xauusd-phase1\outputs\reports\PHASE1_DRY_RUN_LOG_REPORT.md,C:\Users\ZHAO ZHU INFORMATION\Downloads\algo-trading-system\xau-usd\xauusd-phase1\outputs\reports\PHASE1_SOAK_DRIFT_REPORT.md,C:\Users\ZHAO ZHU INFORMATION\Downloads\algo-trading-system\xau-usd\xauusd-phase1\outputs\reports\PHASE1_WOULD_SIGNAL_REPORT.md,C:\Users\ZHAO ZHU INFORMATION\Downloads\algo-trading-system\xau-usd\xauusd-phase1\outputs\reports\PHASE1_WOULD_SIGNAL_REVIEW.csv,C:\Users\ZHAO ZHU INFORMATION\Downloads\algo-trading-system\xau-usd\xauusd-phase1\outputs\reports\PHASE1_ACCEPTANCE_REPORT.md
2026-05-22T11:08:17.659899+00:00,C:\MT5PortableGoldMission\MQL5\Files,WARN,PASS,WARN,WARN,FAIL,3,1,phase1-dry-run-v0.6,2026.05.22 11:05:00,2026.05.22 11:05:00,2026.05.22 15:04:57,NORMAL,false,true,CLOCK_OK,WAIT_LEVEL_BREAK_RETEST,LONG,false,0,0,5,0.0035,0.07,C:\Users\ZHAO ZHU INFORMATION\Downloads\algo-trading-system\xau-usd\xauusd-phase1\outputs\reports\PHASE1_STATUS_SUMMARY.json,C:\Users\ZHAO ZHU INFORMATION\Downloads\algo-trading-system\xau-usd\xauusd-phase1\outputs\reports\PHASE1_DRY_RUN_LOG_REPORT.md,C:\Users\ZHAO ZHU INFORMATION\Downloads\algo-trading-system\xau-usd\xauusd-phase1\outputs\reports\PHASE1_SOAK_DRIFT_REPORT.md,C:\Users\ZHAO ZHU INFORMATION\Downloads\algo-trading-system\xau-usd\xauusd-phase1\outputs\reports\PHASE1_WOULD_SIGNAL_REPORT.md,C:\Users\ZHAO ZHU INFORMATION\Downloads\algo-trading-system\xau-usd\xauusd-phase1\outputs\reports\PHASE1_WOULD_SIGNAL_REVIEW.csv,C:\Users\ZHAO ZHU INFORMATION\Downloads\algo-trading-system\xau-usd\xauusd-phase1\outputs\reports\PHASE1_ACCEPTANCE_REPORT.md
2026-05-22T11:09:54.942578+00:00,C:\MT5PortableGoldMission\MQL5\Files,WARN,PASS,WARN,WARN,PENDING,3,1,phase1-dry-run-v0.6,2026.05.22 11:05:00,2026.05.22 11:05:00,2026.05.22 15:04:57,NORMAL,false,true,CLOCK_OK,WAIT_LEVEL_BREAK_RETEST,LONG,false,0,0,5,0.0035,0.07,C:\Users\ZHAO ZHU INFORMATION\Downloads\algo-trading-system\xau-usd\xauusd-phase1\outputs\reports\PHASE1_STATUS_SUMMARY.json,C:\Users\ZHAO ZHU INFORMATION\Downloads\algo-trading-system\xau-usd\xauusd-phase1\outputs\reports\PHASE1_DRY_RUN_LOG_REPORT.md,C:\Users\ZHAO ZHU INFORMATION\Downloads\algo-trading-system\xau-usd\xauusd-phase1\outputs\reports\PHASE1_SOAK_DRIFT_REPORT.md,C:\Users\ZHAO ZHU INFORMATION\Downloads\algo-trading-system\xau-usd\xauusd-phase1\outputs\reports\PHASE1_WOULD_SIGNAL_REPORT.md,C:\Users\ZHAO ZHU INFORMATION\Downloads\algo-trading-system\xau-usd\xauusd-phase1\outputs\reports\PHASE1_WOULD_SIGNAL_REVIEW.csv,C:\Users\ZHAO ZHU INFORMATION\Downloads\algo-trading-system\xau-usd\xauusd-phase1\outputs\reports\PHASE1_ACCEPTANCE_REPORT.md
2026-05-22T11:10:17.621338+00:00,C:\MT5PortableGoldMission\MQL5\Files,WARN,PASS,WARN,WARN,PENDING,4,1,phase1-dry-run-v0.6,2026.05.22 11:10:00,2026.05.22 11:10:00,2026.05.22 15:09:57,NORMAL,false,true,CLOCK_OK,WAIT_LEVEL_BREAK_RETEST,SHORT,false,0,0,5,0.0069,0.14,C:\Users\ZHAO ZHU INFORMATION\Downloads\algo-trading-system\xau-usd\xauusd-phase1\outputs\reports\PHASE1_STATUS_SUMMARY.json,C:\Users\ZHAO ZHU INFORMATION\Downloads\algo-trading-system\xau-usd\xauusd-phase1\outputs\reports\PHASE1_DRY_RUN_LOG_REPORT.md,C:\Users\ZHAO ZHU INFORMATION\Downloads\algo-trading-system\xau-usd\xauusd-phase1\outputs\reports\PHASE1_SOAK_DRIFT_REPORT.md,C:\Users\ZHAO ZHU INFORMATION\Downloads\algo-trading-system\xau-usd\xauusd-phase1\outputs\reports\PHASE1_WOULD_SIGNAL_REPORT.md,C:\Users\ZHAO ZHU INFORMATION\Downloads\algo-trading-system\xau-usd\xauusd-phase1\outputs\reports\PHASE1_WOULD_SIGNAL_REVIEW.csv,C:\Users\ZHAO ZHU INFORMATION\Downloads\algo-trading-system\xau-usd\xauusd-phase1\outputs\reports\PHASE1_ACCEPTANCE_REPORT.md
2026-05-22T12:07:19.591636+00:00,C:\MT5PortableGoldMission\MQL5\Files,WARN,PASS,WARN,PASS,PENDING,15,1,phase1-dry-run-v0.6,2026.05.22 12:05:00,2026.05.22 12:05:00,2026.05.22 16:04:56,NORMAL,false,true,CLOCK_OK,WAIT_LEVEL_BREAK_RETEST,LONG,false,4,4,5,0.0451,0.9,C:\Users\ZHAO ZHU INFORMATION\Downloads\algo-trading-system\xau-usd\xauusd-phase1\outputs\reports\PHASE1_STATUS_SUMMARY.json,C:\Users\ZHAO ZHU INFORMATION\Downloads\algo-trading-system\xau-usd\xauusd-phase1\outputs\reports\PHASE1_DRY_RUN_LOG_REPORT.md,C:\Users\ZHAO ZHU INFORMATION\Downloads\algo-trading-system\xau-usd\xauusd-phase1\outputs\reports\PHASE1_SOAK_DRIFT_REPORT.md,C:\Users\ZHAO ZHU INFORMATION\Downloads\algo-trading-system\xau-usd\xauusd-phase1\outputs\reports\PHASE1_WOULD_SIGNAL_REPORT.md,C:\Users\ZHAO ZHU INFORMATION\Downloads\algo-trading-system\xau-usd\xauusd-phase1\outputs\reports\PHASE1_WOULD_SIGNAL_REVIEW.csv,C:\Users\ZHAO ZHU INFORMATION\Downloads\algo-trading-system\xau-usd\xauusd-phase1\outputs\reports\PHASE1_ACCEPTANCE_REPORT.md
2026-05-22T12:42:18.308322+00:00,C:\MT5PortableGoldMission\MQL5\Files,PASS,PASS,WARN,PASS,PENDING,27,5,phase1-dry-run-v0.6,2026.05.22 12:40:00,2026.05.22 12:42:07,2026.05.22 16:42:03,NORMAL,false,true,CLOCK_OK,WAIT_LEVEL_BREAK_RETEST,SHORT,false,4,4,5,0.0694,1.39,C:\Users\ZHAO ZHU INFORMATION\Downloads\algo-trading-system\xau-usd\xauusd-phase1\outputs\reports\PHASE1_STATUS_SUMMARY.json,C:\Users\ZHAO ZHU INFORMATION\Downloads\algo-trading-system\xau-usd\xauusd-phase1\outputs\reports\PHASE1_DRY_RUN_LOG_REPORT.md,C:\Users\ZHAO ZHU INFORMATION\Downloads\algo-trading-system\xau-usd\xauusd-phase1\outputs\reports\PHASE1_SOAK_DRIFT_REPORT.md,C:\Users\ZHAO ZHU INFORMATION\Downloads\algo-trading-system\xau-usd\xauusd-phase1\outputs\reports\PHASE1_WOULD_SIGNAL_REPORT.md,C:\Users\ZHAO ZHU INFORMATION\Downloads\algo-trading-system\xau-usd\xauusd-phase1\outputs\reports\PHASE1_WOULD_SIGNAL_REVIEW.csv,C:\Users\ZHAO ZHU INFORMATION\Downloads\algo-trading-system\xau-usd\xauusd-phase1\outputs\reports\PHASE1_ACCEPTANCE_REPORT.md
