cluster_id,observer,timestamp_broker,timestamp_utc,timestamp_local,bar_time,run_id,symbol,direction,level_kind,level_price,entry_price,stop_loss,take_profit,stop_distance_points,spread_points,risk_state,execution_state,server_time_status,reason_code,trade_permission,dry_run
WS001,breakout_retest,2026.05.22 11:25:01,2026.05.22 11:24:57,2026.05.22 15:24:57,2026.05.22 11:25:00,phase1-dry-run-v0.6,XAUUSD,SHORT,latest_swing_low,4514.67,4511.74,4516.09,4505.22,434.91,50.00,NORMAL,EXECUTION_OK,CLOCK_OK,BREAKOUT_RETEST_SHORT_DRY_RUN,false,true
WS002,swing_breakout_retest_v0,2026.05.22 11:25:01,2026.05.22 11:24:57,2026.05.22 15:24:57,2026.05.22 11:25:00,phase1-dry-run-v0.6,XAUUSD,SHORT,latest_swing_low,4514.67,4511.74,4516.09,4505.22,434.91,50.00,NORMAL,EXECUTION_OK,CLOCK_OK,SWING_BREAKOUT_RETEST_SHORT_DRY_RUN,false,true
WS003,breakout_retest,2026.05.22 11:50:01,2026.05.22 11:49:57,2026.05.22 15:49:57,2026.05.22 11:50:00,phase1-dry-run-v0.6,XAUUSD,LONG,latest_swing_high,4517.11,4522.94,4516.58,4532.47,635.57,50.00,NORMAL,EXECUTION_OK,CLOCK_OK,BREAKOUT_RETEST_LONG_DRY_RUN,false,true
WS004,swing_breakout_retest_v0,2026.05.22 11:50:01,2026.05.22 11:49:57,2026.05.22 15:49:57,2026.05.22 11:50:00,phase1-dry-run-v0.6,XAUUSD,LONG,latest_swing_high,4517.11,4522.94,4516.58,4532.47,635.57,50.00,NORMAL,EXECUTION_OK,CLOCK_OK,SWING_BREAKOUT_RETEST_LONG_DRY_RUN,false,true
WS005,breakout_retest,2026.05.22 12:45:00,2026.05.22 12:44:56,2026.05.22 16:44:56,2026.05.22 12:45:00,phase1-dry-run-v0.6,XAUUSD,LONG,latest_swing_high,4517.11,4518.58,4514.30,4525.01,428.49,75.00,NORMAL,EXECUTION_OK,CLOCK_OK,BREAKOUT_RETEST_LONG_DRY_RUN,false,true
WS006,swing_breakout_retest_v0,2026.05.22 12:45:00,2026.05.22 12:44:56,2026.05.22 16:44:56,2026.05.22 12:45:00,phase1-dry-run-v0.6,XAUUSD,LONG,latest_swing_high,4517.11,4518.58,4514.30,4525.01,428.49,75.00,NORMAL,EXECUTION_OK,CLOCK_OK,SWING_BREAKOUT_RETEST_LONG_DRY_RUN,false,true
WS007,breakout_retest,2026.05.22 12:50:00,2026.05.22 12:50:01,2026.05.22 16:50:01,2026.05.22 12:50:00,phase1-dry-run-v0.6,XAUUSD,LONG,latest_swing_high,4517.11,4519.58,4515.40,4525.85,417.78,50.00,NORMAL,EXECUTION_OK,CLOCK_OK,BREAKOUT_RETEST_LONG_DRY_RUN,false,true
WS008,swing_breakout_retest_v0,2026.05.22 12:50:00,2026.05.22 12:50:01,2026.05.22 16:50:01,2026.05.22 12:50:00,phase1-dry-run-v0.6,XAUUSD,LONG,latest_swing_high,4517.11,4519.58,4515.40,4525.85,417.78,50.00,NORMAL,EXECUTION_OK,CLOCK_OK,SWING_BREAKOUT_RETEST_LONG_DRY_RUN,false,true
WS009,breakout_retest,2026.05.22 14:05:00,2026.05.22 14:05:00,2026.05.22 18:05:00,2026.05.22 14:05:00,phase1-dry-run-v0.6,XAUUSD,SHORT,latest_swing_low,4514.87,4511.45,4517.35,4502.59,590.46,50.00,NORMAL,EXECUTION_OK,CLOCK_OK,BREAKOUT_RETEST_SHORT_DRY_RUN,false,true
WS010,swing_breakout_retest_v0,2026.05.22 14:05:00,2026.05.22 14:05:00,2026.05.22 18:05:00,2026.05.22 14:05:00,phase1-dry-run-v0.6,XAUUSD,SHORT,latest_swing_low,4514.87,4511.45,4517.35,4502.59,590.46,50.00,NORMAL,EXECUTION_OK,CLOCK_OK,SWING_BREAKOUT_RETEST_SHORT_DRY_RUN,false,true
WS011,breakout_retest,2026.05.25 05:50:00,2026.05.25 05:49:57,2026.05.25 11:19:57,2026.05.25 05:50:00,phase1-dry-run-v0.6,XAUUSD,SHORT,latest_swing_low,4559.47,4555.14,4561.13,4546.16,598.55,50.00,NORMAL,EXECUTION_OK,CLOCK_OK,BREAKOUT_RETEST_SHORT_DRY_RUN,false,true
WS012,swing_breakout_retest_v0,2026.05.25 05:50:00,2026.05.25 05:49:57,2026.05.25 11:19:57,2026.05.25 05:50:00,phase1-dry-run-v0.6,XAUUSD,SHORT,latest_swing_low,4559.47,4555.14,4561.13,4546.16,598.55,50.00,NORMAL,EXECUTION_OK,CLOCK_OK,SWING_BREAKOUT_RETEST_SHORT_DRY_RUN,false,true
WS013,breakout_retest,2026.05.25 07:40:00,2026.05.25 07:39:56,2026.05.25 13:09:56,2026.05.25 07:40:00,phase1-dry-run-v0.6,XAUUSD,SHORT,latest_swing_low,4559.47,4553.95,4562.05,4541.80,810.11,50.00,NORMAL,EXECUTION_OK,CLOCK_OK,BREAKOUT_RETEST_SHORT_DRY_RUN,false,true
WS014,swing_breakout_retest_v0,2026.05.25 07:40:00,2026.05.25 07:39:56,2026.05.25 13:09:56,2026.05.25 07:40:00,phase1-dry-run-v0.6,XAUUSD,SHORT,latest_swing_low,4559.47,4553.95,4562.05,4541.80,810.11,50.00,NORMAL,EXECUTION_OK,CLOCK_OK,SWING_BREAKOUT_RETEST_SHORT_DRY_RUN,false,true
WS015,breakout_retest,2026.05.25 12:50:00,2026.05.25 12:50:00,2026.05.25 18:20:00,2026.05.25 12:50:00,phase1-dry-run-v0.6,XAUUSD,SHORT,latest_swing_low,4567.36,4566.19,4569.52,4561.19,333.04,75.00,NORMAL,EXECUTION_OK,CLOCK_OK,BREAKOUT_RETEST_SHORT_DRY_RUN,false,true
WS016,swing_breakout_retest_v0,2026.05.25 12:50:00,2026.05.25 12:50:00,2026.05.25 18:20:00,2026.05.25 12:50:00,phase1-dry-run-v0.6,XAUUSD,SHORT,latest_swing_low,4567.36,4566.19,4569.52,4561.19,333.04,75.00,NORMAL,EXECUTION_OK,CLOCK_OK,SWING_BREAKOUT_RETEST_SHORT_DRY_RUN,false,true
WS017,breakout_retest,2026.05.25 13:20:00,2026.05.25 13:20:00,2026.05.25 18:50:00,2026.05.25 13:20:00,phase1-dry-run-v0.6,XAUUSD,SHORT,latest_swing_low,4567.36,4562.45,4568.88,4552.81,642.90,50.00,NORMAL,EXECUTION_OK,CLOCK_OK,BREAKOUT_RETEST_SHORT_DRY_RUN,false,true
WS018,swing_breakout_retest_v0,2026.05.25 13:20:00,2026.05.25 13:20:00,2026.05.25 18:50:00,2026.05.25 13:20:00,phase1-dry-run-v0.6,XAUUSD,SHORT,latest_swing_low,4567.36,4562.45,4568.88,4552.81,642.90,50.00,NORMAL,EXECUTION_OK,CLOCK_OK,SWING_BREAKOUT_RETEST_SHORT_DRY_RUN,false,true
WS019,breakout_retest,2026.05.25 15:05:00,2026.05.25 15:05:00,2026.05.25 20:35:00,2026.05.25 15:05:00,phase1-dry-run-v0.6,XAUUSD,LONG,latest_swing_high,4565.43,4566.87,4564.95,4569.75,191.81,50.00,NORMAL,EXECUTION_OK,CLOCK_OK,BREAKOUT_RETEST_LONG_DRY_RUN,false,true
WS020,swing_breakout_retest_v0,2026.05.25 15:05:00,2026.05.25 15:05:00,2026.05.25 20:35:00,2026.05.25 15:05:00,phase1-dry-run-v0.6,XAUUSD,LONG,latest_swing_high,4565.43,4566.87,4564.95,4569.75,191.81,50.00,NORMAL,EXECUTION_OK,CLOCK_OK,SWING_BREAKOUT_RETEST_LONG_DRY_RUN,false,true
WS021,breakout_retest,2026.05.25 15:15:00,2026.05.25 15:15:00,2026.05.25 20:45:00,2026.05.25 15:15:00,phase1-dry-run-v0.6,XAUUSD,LONG,latest_swing_high,4565.43,4568.04,4565.21,4572.29,283.09,75.00,NORMAL,EXECUTION_OK,CLOCK_OK,BREAKOUT_RETEST_LONG_DRY_RUN,false,true
WS022,swing_breakout_retest_v0,2026.05.25 15:15:00,2026.05.25 15:15:00,2026.05.25 20:45:00,2026.05.25 15:15:00,phase1-dry-run-v0.6,XAUUSD,LONG,latest_swing_high,4565.43,4568.04,4565.21,4572.29,283.09,75.00,NORMAL,EXECUTION_OK,CLOCK_OK,SWING_BREAKOUT_RETEST_LONG_DRY_RUN,false,true
WS023,breakout_retest,2026.05.25 16:45:00,2026.05.25 16:45:00,2026.05.25 22:15:00,2026.05.25 16:45:00,phase1-dry-run-v0.6,XAUUSD,LONG,latest_swing_high,4570.39,4571.01,4569.24,4573.67,177.04,50.00,NORMAL,EXECUTION_OK,CLOCK_OK,BREAKOUT_RETEST_LONG_DRY_RUN,false,true
WS024,swing_breakout_retest_v0,2026.05.25 16:45:00,2026.05.25 16:45:00,2026.05.25 22:15:00,2026.05.25 16:45:00,phase1-dry-run-v0.6,XAUUSD,LONG,latest_swing_high,4570.39,4571.01,4569.24,4573.67,177.04,50.00,NORMAL,EXECUTION_OK,CLOCK_OK,SWING_BREAKOUT_RETEST_LONG_DRY_RUN,false,true
WS025,breakout_retest,2026.05.25 16:50:00,2026.05.25 16:50:00,2026.05.25 22:20:00,2026.05.25 16:50:00,phase1-dry-run-v0.6,XAUUSD,LONG,latest_swing_high,4570.39,4572.27,4569.98,4575.71,229.12,50.00,NORMAL,EXECUTION_OK,CLOCK_OK,BREAKOUT_RETEST_LONG_DRY_RUN,false,true
WS026,swing_breakout_retest_v0,2026.05.25 16:50:00,2026.05.25 16:50:00,2026.05.25 22:20:00,2026.05.25 16:50:00,phase1-dry-run-v0.6,XAUUSD,LONG,latest_swing_high,4570.39,4572.27,4569.98,4575.71,229.12,50.00,NORMAL,EXECUTION_OK,CLOCK_OK,SWING_BREAKOUT_RETEST_LONG_DRY_RUN,false,true
WS027,breakout_retest,2026.05.25 22:20:00,2026.05.25 22:19:59,2026.05.26 03:49:59,2026.05.25 22:20:00,phase1-dry-run-v0.6,XAUUSD,LONG,latest_swing_high,4572.59,4574.04,4571.76,4577.46,228.11,50.00,NORMAL,EXECUTION_OK,CLOCK_OK,BREAKOUT_RETEST_LONG_DRY_RUN,false,true
WS028,swing_breakout_retest_v0,2026.05.25 22:20:00,2026.05.25 22:19:59,2026.05.26 03:49:59,2026.05.25 22:20:00,phase1-dry-run-v0.6,XAUUSD,LONG,latest_swing_high,4572.59,4574.04,4571.76,4577.46,228.11,50.00,NORMAL,EXECUTION_OK,CLOCK_OK,SWING_BREAKOUT_RETEST_LONG_DRY_RUN,false,true
WS029,breakout_retest,2026.05.25 22:45:01,2026.05.25 22:44:59,2026.05.26 04:14:59,2026.05.25 22:45:00,phase1-dry-run-v0.6,XAUUSD,LONG,latest_swing_high,4571.28,4573.37,4569.19,4579.63,417.54,50.00,NORMAL,EXECUTION_OK,CLOCK_OK,BREAKOUT_RETEST_LONG_DRY_RUN,false,true
WS030,swing_breakout_retest_v0,2026.05.25 22:45:01,2026.05.25 22:44:59,2026.05.26 04:14:59,2026.05.25 22:45:00,phase1-dry-run-v0.6,XAUUSD,LONG,latest_swing_high,4571.28,4573.37,4569.19,4579.63,417.54,50.00,NORMAL,EXECUTION_OK,CLOCK_OK,SWING_BREAKOUT_RETEST_LONG_DRY_RUN,false,true
WS031,breakout_retest,2026.05.26 00:55:00,2026.05.26 00:54:58,2026.05.26 06:24:58,2026.05.26 00:55:00,phase1-dry-run-v0.6,XAUUSD,SHORT,previous_daily_low,4550.23,4544.51,4552.17,4533.02,765.82,50.00,NORMAL,EXECUTION_OK,CLOCK_OK,BREAKOUT_RETEST_SHORT_DRY_RUN,false,true
WS032,breakout_retest,2026.05.26 05:50:00,2026.05.26 05:49:57,2026.05.26 11:19:57,2026.05.26 05:50:00,phase1-dry-run-v0.6,XAUUSD,SHORT,latest_swing_low,4529.75,4527.70,4533.13,4519.56,542.99,50.00,NORMAL,EXECUTION_OK,CLOCK_OK,BREAKOUT_RETEST_SHORT_DRY_RUN,false,true
WS033,swing_breakout_retest_v0,2026.05.26 05:50:00,2026.05.26 05:49:57,2026.05.26 11:19:57,2026.05.26 05:50:00,phase1-dry-run-v0.6,XAUUSD,SHORT,latest_swing_low,4529.75,4527.70,4533.13,4519.56,542.99,50.00,NORMAL,EXECUTION_OK,CLOCK_OK,SWING_BREAKOUT_RETEST_SHORT_DRY_RUN,false,true
WS034,breakout_retest,2026.05.26 07:40:00,2026.05.26 07:39:57,2026.05.26 13:09:57,2026.05.26 07:40:00,phase1-dry-run-v0.6,XAUUSD,SHORT,latest_swing_low,4528.04,4522.83,4530.14,4511.87,730.56,50.00,NORMAL,EXECUTION_OK,CLOCK_OK,BREAKOUT_RETEST_SHORT_DRY_RUN,false,true
WS035,swing_breakout_retest_v0,2026.05.26 07:40:00,2026.05.26 07:39:57,2026.05.26 13:09:57,2026.05.26 07:40:00,phase1-dry-run-v0.6,XAUUSD,SHORT,latest_swing_low,4528.04,4522.83,4530.14,4511.87,730.56,50.00,NORMAL,EXECUTION_OK,CLOCK_OK,SWING_BREAKOUT_RETEST_SHORT_DRY_RUN,false,true
WS036,breakout_retest,2026.05.26 08:30:00,2026.05.26 08:29:56,2026.05.26 13:59:56,2026.05.26 08:30:00,phase1-dry-run-v0.6,XAUUSD,SHORT,latest_swing_low,4528.04,4525.98,4530.32,4519.46,434.44,50.00,NORMAL,EXECUTION_OK,CLOCK_OK,BREAKOUT_RETEST_SHORT_DRY_RUN,false,true
WS037,swing_breakout_retest_v0,2026.05.26 08:30:00,2026.05.26 08:29:56,2026.05.26 13:59:56,2026.05.26 08:30:00,phase1-dry-run-v0.6,XAUUSD,SHORT,latest_swing_low,4528.04,4525.98,4530.32,4519.46,434.44,50.00,NORMAL,EXECUTION_OK,CLOCK_OK,SWING_BREAKOUT_RETEST_SHORT_DRY_RUN,false,true
WS038,breakout_retest,2026.05.26 12:00:00,2026.05.26 12:00:00,2026.05.26 17:30:00,2026.05.26 12:00:00,phase1-dry-run-v0.6,XAUUSD,SHORT,latest_swing_low,4511.97,4510.47,4516.04,4502.11,557.44,75.00,NORMAL,EXECUTION_OK,CLOCK_OK,BREAKOUT_RETEST_SHORT_DRY_RUN,false,true
WS039,swing_breakout_retest_v0,2026.05.26 12:00:00,2026.05.26 12:00:00,2026.05.26 17:30:00,2026.05.26 12:00:00,phase1-dry-run-v0.6,XAUUSD,SHORT,latest_swing_low,4511.97,4510.47,4516.04,4502.11,557.44,75.00,NORMAL,EXECUTION_OK,CLOCK_OK,SWING_BREAKOUT_RETEST_SHORT_DRY_RUN,false,true
WS040,breakout_retest,2026.05.26 12:15:00,2026.05.26 12:15:00,2026.05.26 17:45:00,2026.05.26 12:15:00,phase1-dry-run-v0.6,XAUUSD,SHORT,latest_swing_low,4511.97,4506.21,4512.59,4496.64,637.74,50.00,NORMAL,EXECUTION_OK,CLOCK_OK,BREAKOUT_RETEST_SHORT_DRY_RUN,false,true
WS041,swing_breakout_retest_v0,2026.05.26 12:15:00,2026.05.26 12:15:00,2026.05.26 17:45:00,2026.05.26 12:15:00,phase1-dry-run-v0.6,XAUUSD,SHORT,latest_swing_low,4511.97,4506.21,4512.59,4496.64,637.74,50.00,NORMAL,EXECUTION_OK,CLOCK_OK,SWING_BREAKOUT_RETEST_SHORT_DRY_RUN,false,true
WS042,breakout_retest,2026.05.26 12:30:00,2026.05.26 12:30:00,2026.05.26 18:00:00,2026.05.26 12:30:00,phase1-dry-run-v0.6,XAUUSD,SHORT,latest_swing_low,4511.97,4507.95,4513.28,4499.96,532.66,50.00,NORMAL,EXECUTION_OK,CLOCK_OK,BREAKOUT_RETEST_SHORT_DRY_RUN,false,true
WS043,swing_breakout_retest_v0,2026.05.26 12:30:00,2026.05.26 12:30:00,2026.05.26 18:00:00,2026.05.26 12:30:00,phase1-dry-run-v0.6,XAUUSD,SHORT,latest_swing_low,4511.97,4507.95,4513.28,4499.96,532.66,50.00,NORMAL,EXECUTION_OK,CLOCK_OK,SWING_BREAKOUT_RETEST_SHORT_DRY_RUN,false,true
WS044,breakout_retest,2026.05.26 13:20:00,2026.05.26 13:20:00,2026.05.26 18:50:00,2026.05.26 13:20:00,phase1-dry-run-v0.6,XAUUSD,LONG,latest_swing_high,4515.76,4522.42,4515.02,4533.53,740.49,50.00,NORMAL,EXECUTION_OK,CLOCK_OK,BREAKOUT_RETEST_LONG_DRY_RUN,false,true
WS045,swing_breakout_retest_v0,2026.05.26 13:20:00,2026.05.26 13:20:00,2026.05.26 18:50:00,2026.05.26 13:20:00,phase1-dry-run-v0.6,XAUUSD,LONG,latest_swing_high,4515.76,4522.42,4515.02,4533.53,740.49,50.00,NORMAL,EXECUTION_OK,CLOCK_OK,SWING_BREAKOUT_RETEST_LONG_DRY_RUN,false,true
WS046,breakout_retest,2026.05.26 14:15:00,2026.05.26 14:14:59,2026.05.26 19:44:59,2026.05.26 14:15:00,phase1-dry-run-v0.6,XAUUSD,SHORT,latest_swing_low,4515.71,4514.70,4520.85,4505.48,614.72,50.00,NORMAL,EXECUTION_OK,CLOCK_OK,BREAKOUT_RETEST_SHORT_DRY_RUN,false,true
WS047,swing_breakout_retest_v0,2026.05.26 14:15:00,2026.05.26 14:14:59,2026.05.26 19:44:59,2026.05.26 14:15:00,phase1-dry-run-v0.6,XAUUSD,SHORT,latest_swing_low,4515.71,4514.70,4520.85,4505.48,614.72,50.00,NORMAL,EXECUTION_OK,CLOCK_OK,SWING_BREAKOUT_RETEST_SHORT_DRY_RUN,false,true
WS048,breakout_retest,2026.05.26 14:30:00,2026.05.26 14:29:59,2026.05.26 19:59:59,2026.05.26 14:30:00,phase1-dry-run-v0.6,XAUUSD,LONG,latest_swing_high,4515.76,4517.25,4511.57,4525.76,567.58,50.00,NORMAL,EXECUTION_OK,CLOCK_OK,BREAKOUT_RETEST_LONG_DRY_RUN,false,true
WS049,swing_breakout_retest_v0,2026.05.26 14:30:00,2026.05.26 14:29:59,2026.05.26 19:59:59,2026.05.26 14:30:00,phase1-dry-run-v0.6,XAUUSD,LONG,latest_swing_high,4515.76,4517.25,4511.57,4525.76,567.58,50.00,NORMAL,EXECUTION_OK,CLOCK_OK,SWING_BREAKOUT_RETEST_LONG_DRY_RUN,false,true
WS050,breakout_retest,2026.05.26 15:00:00,2026.05.26 14:59:59,2026.05.26 20:29:59,2026.05.26 15:00:00,phase1-dry-run-v0.6,XAUUSD,SHORT,latest_swing_low,4515.71,4515.46,4519.95,4508.73,448.53,50.00,NORMAL,EXECUTION_OK,CLOCK_OK,BREAKOUT_RETEST_SHORT_DRY_RUN,false,true
WS051,swing_breakout_retest_v0,2026.05.26 15:00:00,2026.05.26 14:59:59,2026.05.26 20:29:59,2026.05.26 15:00:00,phase1-dry-run-v0.6,XAUUSD,SHORT,latest_swing_low,4515.71,4515.46,4519.95,4508.73,448.53,50.00,NORMAL,EXECUTION_OK,CLOCK_OK,SWING_BREAKOUT_RETEST_SHORT_DRY_RUN,false,true
WS052,breakout_retest,2026.05.26 15:05:01,2026.05.26 15:05:00,2026.05.26 20:35:00,2026.05.26 15:05:00,phase1-dry-run-v0.6,XAUUSD,SHORT,latest_swing_low,4515.71,4512.45,4516.62,4506.19,417.23,50.00,NORMAL,EXECUTION_OK,CLOCK_OK,BREAKOUT_RETEST_SHORT_DRY_RUN,false,true
WS053,swing_breakout_retest_v0,2026.05.26 15:05:01,2026.05.26 15:05:00,2026.05.26 20:35:00,2026.05.26 15:05:00,phase1-dry-run-v0.6,XAUUSD,SHORT,latest_swing_low,4515.71,4512.45,4516.62,4506.19,417.23,50.00,NORMAL,EXECUTION_OK,CLOCK_OK,SWING_BREAKOUT_RETEST_SHORT_DRY_RUN,false,true
WS054,breakout_retest,2026.05.26 15:35:00,2026.05.26 15:34:59,2026.05.26 21:04:59,2026.05.26 15:35:00,phase1-dry-run-v0.6,XAUUSD,SHORT,latest_swing_low,4507.59,4504.70,4508.69,4498.72,398.52,50.00,NORMAL,EXECUTION_OK,CLOCK_OK,BREAKOUT_RETEST_SHORT_DRY_RUN,false,true
WS055,swing_breakout_retest_v0,2026.05.26 15:35:00,2026.05.26 15:34:59,2026.05.26 21:04:59,2026.05.26 15:35:00,phase1-dry-run-v0.6,XAUUSD,SHORT,latest_swing_low,4507.59,4504.70,4508.69,4498.72,398.52,50.00,NORMAL,EXECUTION_OK,CLOCK_OK,SWING_BREAKOUT_RETEST_SHORT_DRY_RUN,false,true
WS056,breakout_retest,2026.05.26 16:05:00,2026.05.26 16:04:59,2026.05.26 21:34:59,2026.05.26 16:05:00,phase1-dry-run-v0.6,XAUUSD,SHORT,latest_swing_low,4507.59,4505.95,4509.94,4499.96,399.46,50.00,NORMAL,EXECUTION_OK,CLOCK_OK,BREAKOUT_RETEST_SHORT_DRY_RUN,false,true
WS057,swing_breakout_retest_v0,2026.05.26 16:05:00,2026.05.26 16:04:59,2026.05.26 21:34:59,2026.05.26 16:05:00,phase1-dry-run-v0.6,XAUUSD,SHORT,latest_swing_low,4507.59,4505.95,4509.94,4499.96,399.46,50.00,NORMAL,EXECUTION_OK,CLOCK_OK,SWING_BREAKOUT_RETEST_SHORT_DRY_RUN,false,true
WS058,breakout_retest,2026.05.26 16:10:00,2026.05.26 16:09:59,2026.05.26 21:39:59,2026.05.26 16:10:00,phase1-dry-run-v0.6,XAUUSD,SHORT,latest_swing_low,4507.59,4505.20,4508.77,4499.85,356.91,50.00,NORMAL,EXECUTION_OK,CLOCK_OK,BREAKOUT_RETEST_SHORT_DRY_RUN,false,true
WS059,swing_breakout_retest_v0,2026.05.26 16:10:00,2026.05.26 16:09:59,2026.05.26 21:39:59,2026.05.26 16:10:00,phase1-dry-run-v0.6,XAUUSD,SHORT,latest_swing_low,4507.59,4505.20,4508.77,4499.85,356.91,50.00,NORMAL,EXECUTION_OK,CLOCK_OK,SWING_BREAKOUT_RETEST_SHORT_DRY_RUN,false,true
WS060,breakout_retest,2026.05.26 16:50:00,2026.05.26 16:49:59,2026.05.26 22:19:59,2026.05.26 16:50:00,phase1-dry-run-v0.6,XAUUSD,SHORT,latest_swing_low,4507.59,4505.97,4509.09,4501.29,312.02,50.00,NORMAL,EXECUTION_OK,CLOCK_OK,BREAKOUT_RETEST_SHORT_DRY_RUN,false,true
WS061,swing_breakout_retest_v0,2026.05.26 16:50:00,2026.05.26 16:49:59,2026.05.26 22:19:59,2026.05.26 16:50:00,phase1-dry-run-v0.6,XAUUSD,SHORT,latest_swing_low,4507.59,4505.97,4509.09,4501.29,312.02,50.00,NORMAL,EXECUTION_OK,CLOCK_OK,SWING_BREAKOUT_RETEST_SHORT_DRY_RUN,false,true
WS062,breakout_retest,2026.05.26 22:00:02,2026.05.26 22:00:00,2026.05.27 03:30:00,2026.05.26 22:00:00,phase1-dry-run-v0.6,XAUUSD,LONG,latest_swing_high,4504.51,4506.46,4503.52,4510.87,294.04,180.00,NORMAL,SPREAD_TOO_HIGH,CLOCK_OK,BREAKOUT_RETEST_LONG_DRY_RUN,false,true
WS063,swing_breakout_retest_v0,2026.05.26 22:00:02,2026.05.26 22:00:00,2026.05.27 03:30:00,2026.05.26 22:00:00,phase1-dry-run-v0.6,XAUUSD,LONG,latest_swing_high,4504.51,4506.46,4503.52,4510.87,294.04,180.00,NORMAL,SPREAD_TOO_HIGH,CLOCK_OK,SWING_BREAKOUT_RETEST_LONG_DRY_RUN,false,true
WS064,breakout_retest,2026.05.26 22:20:00,2026.05.26 22:19:58,2026.05.27 03:49:58,2026.05.26 22:20:00,phase1-dry-run-v0.6,XAUUSD,LONG,latest_swing_high,4504.51,4510.11,4500.06,4525.19,1005.34,75.00,NORMAL,EXECUTION_OK,CLOCK_OK,BREAKOUT_RETEST_LONG_DRY_RUN,false,true
WS065,swing_breakout_retest_v0,2026.05.26 22:20:00,2026.05.26 22:19:58,2026.05.27 03:49:58,2026.05.26 22:20:00,phase1-dry-run-v0.6,XAUUSD,LONG,latest_swing_high,4504.51,4510.11,4500.06,4525.19,1005.34,75.00,NORMAL,EXECUTION_OK,CLOCK_OK,SWING_BREAKOUT_RETEST_LONG_DRY_RUN,false,true
WS066,breakout_retest,2026.05.27 01:15:01,2026.05.27 01:14:58,2026.05.27 06:44:58,2026.05.27 01:15:00,phase1-dry-run-v0.6,XAUUSD,LONG,latest_swing_high,4513.55,4517.33,4512.05,4525.26,528.50,75.00,NORMAL,EXECUTION_OK,CLOCK_OK,BREAKOUT_RETEST_LONG_DRY_RUN,false,true
WS067,swing_breakout_retest_v0,2026.05.27 01:15:01,2026.05.27 01:14:58,2026.05.27 06:44:58,2026.05.27 01:15:00,phase1-dry-run-v0.6,XAUUSD,LONG,latest_swing_high,4513.55,4517.33,4512.05,4525.26,528.50,75.00,NORMAL,EXECUTION_OK,CLOCK_OK,SWING_BREAKOUT_RETEST_LONG_DRY_RUN,false,true
WS068,breakout_retest,2026.05.27 06:05:00,2026.05.27 06:04:56,2026.05.27 11:34:56,2026.05.27 06:05:00,phase1-dry-run-v0.6,XAUUSD,SHORT,latest_swing_low,4497.68,4496.22,4500.36,4490.01,413.76,75.00,NORMAL,EXECUTION_OK,CLOCK_OK,BREAKOUT_RETEST_SHORT_DRY_RUN,false,true
WS069,swing_breakout_retest_v0,2026.05.27 06:05:00,2026.05.27 06:04:56,2026.05.27 11:34:56,2026.05.27 06:05:00,phase1-dry-run-v0.6,XAUUSD,SHORT,latest_swing_low,4497.68,4496.22,4500.36,4490.01,413.76,75.00,NORMAL,EXECUTION_OK,CLOCK_OK,SWING_BREAKOUT_RETEST_SHORT_DRY_RUN,false,true
WS070,breakout_retest,2026.05.27 07:55:00,2026.05.27 07:54:56,2026.05.27 13:24:56,2026.05.27 07:55:00,phase1-dry-run-v0.6,XAUUSD,SHORT,previous_daily_low,4482.54,4477.70,4484.29,4467.81,659.37,75.00,NORMAL,EXECUTION_OK,CLOCK_OK,BREAKOUT_RETEST_SHORT_DRY_RUN,false,true
WS071,breakout_retest,2026.05.27 08:45:00,2026.05.27 08:44:56,2026.05.27 14:14:56,2026.05.27 08:45:00,phase1-dry-run-v0.6,XAUUSD,LONG,latest_swing_high,4489.04,4492.69,4487.80,4500.02,488.54,50.00,NORMAL,EXECUTION_OK,CLOCK_OK,BREAKOUT_RETEST_LONG_DRY_RUN,false,true
WS072,swing_breakout_retest_v0,2026.05.27 08:45:00,2026.05.27 08:44:56,2026.05.27 14:14:56,2026.05.27 08:45:00,phase1-dry-run-v0.6,XAUUSD,LONG,latest_swing_high,4489.04,4492.69,4487.80,4500.02,488.54,50.00,NORMAL,EXECUTION_OK,CLOCK_OK,SWING_BREAKOUT_RETEST_LONG_DRY_RUN,false,true
WS073,breakout_retest,2026.05.27 09:15:00,2026.05.27 09:14:56,2026.05.27 14:44:56,2026.05.27 09:15:00,phase1-dry-run-v0.6,XAUUSD,LONG,latest_swing_high,4489.04,4492.27,4488.02,4498.64,424.54,50.00,NORMAL,EXECUTION_OK,CLOCK_OK,BREAKOUT_RETEST_LONG_DRY_RUN,false,true
WS074,swing_breakout_retest_v0,2026.05.27 09:15:00,2026.05.27 09:14:56,2026.05.27 14:44:56,2026.05.27 09:15:00,phase1-dry-run-v0.6,XAUUSD,LONG,latest_swing_high,4489.04,4492.27,4488.02,4498.64,424.54,50.00,NORMAL,EXECUTION_OK,CLOCK_OK,SWING_BREAKOUT_RETEST_LONG_DRY_RUN,false,true
WS075,breakout_retest,2026.05.27 09:40:00,2026.05.27 09:39:56,2026.05.27 15:09:56,2026.05.27 09:40:00,phase1-dry-run-v0.6,XAUUSD,LONG,latest_swing_high,4489.04,4490.62,4486.31,4497.08,430.64,50.00,NORMAL,EXECUTION_OK,CLOCK_OK,BREAKOUT_RETEST_LONG_DRY_RUN,false,true
WS076,swing_breakout_retest_v0,2026.05.27 09:40:00,2026.05.27 09:39:56,2026.05.27 15:09:56,2026.05.27 09:40:00,phase1-dry-run-v0.6,XAUUSD,LONG,latest_swing_high,4489.04,4490.62,4486.31,4497.08,430.64,50.00,NORMAL,EXECUTION_OK,CLOCK_OK,SWING_BREAKOUT_RETEST_LONG_DRY_RUN,false,true
WS077,breakout_retest,2026.05.27 09:55:03,2026.05.27 09:54:59,2026.05.27 15:24:59,2026.05.27 09:55:00,phase1-dry-run-v0.6,XAUUSD,LONG,latest_swing_high,4489.04,4489.79,4487.67,4492.97,211.67,50.00,NORMAL,EXECUTION_OK,CLOCK_OK,BREAKOUT_RETEST_LONG_DRY_RUN,false,true
WS078,swing_breakout_retest_v0,2026.05.27 09:55:03,2026.05.27 09:54:59,2026.05.27 15:24:59,2026.05.27 09:55:00,phase1-dry-run-v0.6,XAUUSD,LONG,latest_swing_high,4489.04,4489.79,4487.67,4492.97,211.67,50.00,NORMAL,EXECUTION_OK,CLOCK_OK,SWING_BREAKOUT_RETEST_LONG_DRY_RUN,false,true
WS079,breakout_retest,2026.05.27 11:55:00,2026.05.27 11:55:00,2026.05.27 17:25:00,2026.05.27 11:55:00,phase1-dry-run-v0.7,XAUUSD,SHORT,latest_swing_low,4442.48,4438.79,4445.41,4428.86,662.26,50.00,NORMAL,EXECUTION_OK,CLOCK_OK,BREAKOUT_RETEST_SHORT_DRY_RUN,false,true
WS080,swing_breakout_retest_v0,2026.05.27 11:55:00,2026.05.27 11:55:00,2026.05.27 17:25:00,2026.05.27 11:55:00,phase1-dry-run-v0.7,XAUUSD,SHORT,latest_swing_low,4442.48,4438.79,4445.41,4428.86,662.26,50.00,NORMAL,EXECUTION_OK,CLOCK_OK,SWING_BREAKOUT_RETEST_SHORT_DRY_RUN,false,true
WS081,breakout_retest,2026.05.27 12:45:00,2026.05.27 12:45:00,2026.05.27 18:15:00,2026.05.27 12:45:00,phase1-dry-run-v0.7,XAUUSD,SHORT,previous_weekly_low,4453.16,4444.51,4454.29,4429.84,978.27,50.00,NORMAL,EXECUTION_OK,CLOCK_OK,BREAKOUT_RETEST_SHORT_DRY_RUN,false,true
WS082,breakout_retest,2026.05.27 15:50:00,2026.05.27 15:49:59,2026.05.27 21:19:59,2026.05.27 15:50:00,phase1-dry-run-v0.7,XAUUSD,SHORT,latest_swing_low,4435.37,4432.76,4441.56,4419.55,880.43,75.00,NORMAL,EXECUTION_OK,CLOCK_OK,BREAKOUT_RETEST_SHORT_DRY_RUN,false,true
WS083,swing_breakout_retest_v0,2026.05.27 15:50:00,2026.05.27 15:49:59,2026.05.27 21:19:59,2026.05.27 15:50:00,phase1-dry-run-v0.7,XAUUSD,SHORT,latest_swing_low,4435.37,4432.76,4441.56,4419.55,880.43,75.00,NORMAL,EXECUTION_OK,CLOCK_OK,SWING_BREAKOUT_RETEST_SHORT_DRY_RUN,false,true
WS084,breakout_retest,2026.05.27 17:20:00,2026.05.27 17:19:59,2026.05.27 22:49:59,2026.05.27 17:20:00,phase1-dry-run-v0.7,XAUUSD,LONG,latest_swing_high,4441.36,4445.62,4440.92,4452.66,469.56,50.00,NORMAL,EXECUTION_OK,CLOCK_OK,BREAKOUT_RETEST_LONG_DRY_RUN,false,true
WS085,swing_breakout_retest_v0,2026.05.27 17:20:00,2026.05.27 17:19:59,2026.05.27 22:49:59,2026.05.27 17:20:00,phase1-dry-run-v0.7,XAUUSD,LONG,latest_swing_high,4441.36,4445.62,4440.92,4452.66,469.56,50.00,NORMAL,EXECUTION_OK,CLOCK_OK,SWING_BREAKOUT_RETEST_LONG_DRY_RUN,false,true
WS086,breakout_retest,2026.05.27 17:40:00,2026.05.27 17:39:59,2026.05.27 23:09:59,2026.05.27 17:40:00,phase1-dry-run-v0.7,XAUUSD,SHORT,previous_weekly_low,4453.16,4449.77,4453.56,4444.08,379.06,50.00,NORMAL,EXECUTION_OK,CLOCK_OK,BREAKOUT_RETEST_SHORT_DRY_RUN,false,true
WS087,breakout_retest,2026.05.27 17:45:00,2026.05.27 17:44:59,2026.05.27 23:14:59,2026.05.27 17:45:00,phase1-dry-run-v0.7,XAUUSD,SHORT,previous_weekly_low,4453.16,4450.76,4454.54,4445.10,377.60,50.00,NORMAL,EXECUTION_OK,CLOCK_OK,BREAKOUT_RETEST_SHORT_DRY_RUN,false,true
WS088,breakout_retest,2026.05.27 18:00:00,2026.05.27 17:59:59,2026.05.27 23:29:59,2026.05.27 18:00:00,phase1-dry-run-v0.7,XAUUSD,SHORT,previous_weekly_low,4453.16,4450.47,4453.92,4445.30,344.93,75.00,NORMAL,EXECUTION_OK,CLOCK_OK,BREAKOUT_RETEST_SHORT_DRY_RUN,false,true
WS089,breakout_retest,2026.05.27 18:05:00,2026.05.27 18:04:59,2026.05.27 23:34:59,2026.05.27 18:05:00,phase1-dry-run-v0.7,XAUUSD,SHORT,previous_weekly_low,4453.16,4450.10,4454.19,4443.96,409.13,50.00,NORMAL,EXECUTION_OK,CLOCK_OK,BREAKOUT_RETEST_SHORT_DRY_RUN,false,true
WS090,breakout_retest,2026.05.27 19:30:01,2026.05.27 19:29:59,2026.05.28 00:59:59,2026.05.27 19:30:00,phase1-dry-run-v0.7,XAUUSD,SHORT,previous_weekly_low,4453.16,4449.73,4454.16,4443.08,443.17,75.00,NORMAL,EXECUTION_OK,CLOCK_OK,BREAKOUT_RETEST_SHORT_DRY_RUN,false,true
WS091,breakout_retest,2026.05.27 19:55:00,2026.05.27 19:54:58,2026.05.28 01:24:58,2026.05.27 19:55:00,phase1-dry-run-v0.7,XAUUSD,SHORT,previous_weekly_low,4453.16,4451.70,4453.80,4448.54,210.42,50.00,NORMAL,EXECUTION_OK,CLOCK_OK,BREAKOUT_RETEST_SHORT_DRY_RUN,false,true
WS092,breakout_retest,2026.05.27 23:50:00,2026.05.27 23:49:58,2026.05.28 05:19:58,2026.05.27 23:50:00,phase1-dry-run-v0.7,XAUUSD,SHORT,previous_weekly_low,4453.16,4450.67,4454.12,4445.50,344.86,50.00,NORMAL,EXECUTION_OK,CLOCK_OK,BREAKOUT_RETEST_SHORT_DRY_RUN,false,true
WS093,breakout_retest,2026.05.28 00:25:00,2026.05.28 00:24:57,2026.05.28 05:54:57,2026.05.28 00:25:00,phase1-dry-run-v0.7,XAUUSD,SHORT,previous_weekly_low,4453.16,4443.76,4454.23,4428.06,1046.78,50.00,NORMAL,EXECUTION_OK,CLOCK_OK,BREAKOUT_RETEST_SHORT_DRY_RUN,false,true
WS094,breakout_retest,2026.05.28 01:10:00,2026.05.28 01:09:57,2026.05.28 06:39:57,2026.05.28 01:10:00,phase1-dry-run-v0.7,XAUUSD,SHORT,previous_weekly_low,4453.16,4445.47,4459.17,4424.92,1370.29,50.00,NORMAL,EXECUTION_OK,CLOCK_OK,BREAKOUT_RETEST_SHORT_DRY_RUN,false,true
WS095,swing_breakout_retest_v0,2026.05.28 01:10:00,2026.05.28 01:09:57,2026.05.28 06:39:57,2026.05.28 01:10:00,phase1-dry-run-v0.7,XAUUSD,SHORT,latest_swing_low,4455.11,4445.47,4459.17,4424.92,1370.29,50.00,NORMAL,EXECUTION_OK,CLOCK_OK,SWING_BREAKOUT_RETEST_SHORT_DRY_RUN,false,true
WS096,breakout_retest,2026.05.28 03:20:00,2026.05.28 03:19:57,2026.05.28 08:49:57,2026.05.28 03:20:00,phase1-dry-run-v0.7,XAUUSD,SHORT,latest_swing_low,4396.23,4391.51,4397.86,4381.99,634.91,50.00,NORMAL,EXECUTION_OK,CLOCK_OK,BREAKOUT_RETEST_SHORT_DRY_RUN,false,true
WS097,swing_breakout_retest_v0,2026.05.28 03:20:00,2026.05.28 03:19:57,2026.05.28 08:49:57,2026.05.28 03:20:00,phase1-dry-run-v0.7,XAUUSD,SHORT,latest_swing_low,4396.23,4391.51,4397.86,4381.99,634.91,50.00,NORMAL,EXECUTION_OK,CLOCK_OK,SWING_BREAKOUT_RETEST_SHORT_DRY_RUN,false,true
WS098,breakout_retest,2026.05.28 05:40:01,2026.05.28 05:39:57,2026.05.28 11:09:57,2026.05.28 05:40:00,phase1-dry-run-v0.7,XAUUSD,LONG,latest_swing_high,4375.03,4387.50,4374.37,4407.20,1313.46,50.00,NORMAL,EXECUTION_OK,CLOCK_OK,BREAKOUT_RETEST_LONG_DRY_RUN,false,true
WS099,swing_breakout_retest_v0,2026.05.28 05:40:01,2026.05.28 05:39:57,2026.05.28 11:09:57,2026.05.28 05:40:00,phase1-dry-run-v0.7,XAUUSD,LONG,latest_swing_high,4375.03,4387.50,4374.37,4407.20,1313.46,50.00,NORMAL,EXECUTION_OK,CLOCK_OK,SWING_BREAKOUT_RETEST_LONG_DRY_RUN,false,true
WS100,breakout_retest,2026.05.28 06:20:00,2026.05.28 06:19:56,2026.05.28 11:49:56,2026.05.28 06:20:00,phase1-dry-run-v0.7,XAUUSD,LONG,latest_swing_high,4375.03,4381.41,4373.91,4392.66,749.79,75.00,NORMAL,EXECUTION_OK,CLOCK_OK,BREAKOUT_RETEST_LONG_DRY_RUN,false,true
WS101,swing_breakout_retest_v0,2026.05.28 06:20:00,2026.05.28 06:19:56,2026.05.28 11:49:56,2026.05.28 06:20:00,phase1-dry-run-v0.7,XAUUSD,LONG,latest_swing_high,4375.03,4381.41,4373.91,4392.66,749.79,75.00,NORMAL,EXECUTION_OK,CLOCK_OK,SWING_BREAKOUT_RETEST_LONG_DRY_RUN,false,true
WS102,breakout_retest,2026.05.28 06:25:00,2026.05.28 06:24:56,2026.05.28 11:54:56,2026.05.28 06:25:00,phase1-dry-run-v0.7,XAUUSD,LONG,latest_swing_high,4375.03,4380.16,4373.43,4390.25,672.74,50.00,NORMAL,EXECUTION_OK,CLOCK_OK,BREAKOUT_RETEST_LONG_DRY_RUN,false,true
WS103,swing_breakout_retest_v0,2026.05.28 06:25:00,2026.05.28 06:24:56,2026.05.28 11:54:56,2026.05.28 06:25:00,phase1-dry-run-v0.7,XAUUSD,LONG,latest_swing_high,4375.03,4380.16,4373.43,4390.25,672.74,50.00,NORMAL,EXECUTION_OK,CLOCK_OK,SWING_BREAKOUT_RETEST_LONG_DRY_RUN,false,true
WS104,breakout_retest,2026.05.28 08:00:00,2026.05.28 07:59:56,2026.05.28 13:29:56,2026.05.28 08:00:00,phase1-dry-run-v0.7,XAUUSD,LONG,latest_swing_high,4385.30,4389.19,4382.19,4399.69,700.14,50.00,NORMAL,EXECUTION_OK,CLOCK_OK,BREAKOUT_RETEST_LONG_DRY_RUN,false,true
WS105,swing_breakout_retest_v0,2026.05.28 08:00:00,2026.05.28 07:59:56,2026.05.28 13:29:56,2026.05.28 08:00:00,phase1-dry-run-v0.7,XAUUSD,LONG,latest_swing_high,4385.30,4389.19,4382.19,4399.69,700.14,50.00,NORMAL,EXECUTION_OK,CLOCK_OK,SWING_BREAKOUT_RETEST_LONG_DRY_RUN,false,true
WS106,breakout_retest,2026.05.28 10:15:00,2026.05.28 10:14:56,2026.05.28 15:44:56,2026.05.28 10:15:00,phase1-dry-run-v0.7,XAUUSD,SHORT,previous_daily_low,4401.21,4393.44,4401.73,4381.00,829.06,50.00,NORMAL,EXECUTION_OK,CLOCK_OK,BREAKOUT_RETEST_SHORT_DRY_RUN,false,true
WS107,breakout_retest,2026.05.28 10:35:00,2026.05.28 10:34:55,2026.05.28 16:04:55,2026.05.28 10:35:00,phase1-dry-run-v0.7,XAUUSD,SHORT,previous_daily_low,4401.21,4395.42,4402.67,4384.54,725.24,50.00,NORMAL,EXECUTION_OK,CLOCK_OK,BREAKOUT_RETEST_SHORT_DRY_RUN,false,true
WS108,breakout_retest,2026.05.28 10:40:01,2026.05.28 10:39:56,2026.05.28 16:09:56,2026.05.28 10:40:00,phase1-dry-run-v0.7,XAUUSD,SHORT,previous_daily_low,4401.21,4397.91,4402.76,4390.64,484.87,50.00,NORMAL,EXECUTION_OK,CLOCK_OK,BREAKOUT_RETEST_SHORT_DRY_RUN,false,true
WS109,breakout_retest,2026.05.28 11:25:00,2026.05.28 11:24:55,2026.05.28 16:54:55,2026.05.28 11:25:00,phase1-dry-run-v0.7,XAUUSD,SHORT,latest_swing_low,4389.67,4386.49,4390.90,4379.88,440.67,75.00,NORMAL,EXECUTION_OK,CLOCK_OK,BREAKOUT_RETEST_SHORT_DRY_RUN,false,true
WS110,swing_breakout_retest_v0,2026.05.28 11:25:00,2026.05.28 11:24:55,2026.05.28 16:54:55,2026.05.28 11:25:00,phase1-dry-run-v0.7,XAUUSD,SHORT,latest_swing_low,4389.67,4386.49,4390.90,4379.88,440.67,75.00,NORMAL,EXECUTION_OK,CLOCK_OK,SWING_BREAKOUT_RETEST_SHORT_DRY_RUN,false,true
WS111,breakout_retest,2026.05.28 11:30:00,2026.05.28 11:29:55,2026.05.28 16:59:55,2026.05.28 11:30:00,phase1-dry-run-v0.7,XAUUSD,SHORT,latest_swing_low,4389.67,4385.45,4390.50,4377.88,504.76,50.00,NORMAL,EXECUTION_OK,CLOCK_OK,BREAKOUT_RETEST_SHORT_DRY_RUN,false,true
WS112,swing_breakout_retest_v0,2026.05.28 11:30:00,2026.05.28 11:29:55,2026.05.28 16:59:55,2026.05.28 11:30:00,phase1-dry-run-v0.7,XAUUSD,SHORT,latest_swing_low,4389.67,4385.45,4390.50,4377.88,504.76,50.00,NORMAL,EXECUTION_OK,CLOCK_OK,SWING_BREAKOUT_RETEST_SHORT_DRY_RUN,false,true
WS113,breakout_retest,2026.05.28 11:45:00,2026.05.28 11:44:55,2026.05.28 17:14:55,2026.05.28 11:45:00,phase1-dry-run-v0.7,XAUUSD,SHORT,latest_swing_low,4389.67,4385.69,4390.52,4378.45,482.78,50.00,NORMAL,EXECUTION_OK,CLOCK_OK,BREAKOUT_RETEST_SHORT_DRY_RUN,false,true
WS114,swing_breakout_retest_v0,2026.05.28 11:45:00,2026.05.28 11:44:55,2026.05.28 17:14:55,2026.05.28 11:45:00,phase1-dry-run-v0.7,XAUUSD,SHORT,latest_swing_low,4389.67,4385.69,4390.52,4378.45,482.78,50.00,NORMAL,EXECUTION_OK,CLOCK_OK,SWING_BREAKOUT_RETEST_SHORT_DRY_RUN,false,true
WS115,breakout_retest,2026.05.28 11:50:00,2026.05.28 11:49:55,2026.05.28 17:19:55,2026.05.28 11:50:00,phase1-dry-run-v0.7,XAUUSD,SHORT,latest_swing_low,4389.67,4384.90,4390.74,4376.13,584.41,50.00,NORMAL,EXECUTION_OK,CLOCK_OK,BREAKOUT_RETEST_SHORT_DRY_RUN,false,true
WS116,swing_breakout_retest_v0,2026.05.28 11:50:00,2026.05.28 11:49:55,2026.05.28 17:19:55,2026.05.28 11:50:00,phase1-dry-run-v0.7,XAUUSD,SHORT,latest_swing_low,4389.67,4384.90,4390.74,4376.13,584.41,50.00,NORMAL,EXECUTION_OK,CLOCK_OK,SWING_BREAKOUT_RETEST_SHORT_DRY_RUN,false,true
WS117,breakout_retest,2026.05.28 12:25:00,2026.05.28 12:25:00,2026.05.28 17:55:00,2026.05.28 12:25:00,phase1-dry-run-v0.7,XAUUSD,SHORT,latest_swing_low,4389.67,4387.42,4393.17,4378.79,575.40,50.00,NORMAL,EXECUTION_OK,CLOCK_OK,BREAKOUT_RETEST_SHORT_DRY_RUN,false,true
WS118,swing_breakout_retest_v0,2026.05.28 12:25:00,2026.05.28 12:25:00,2026.05.28 17:55:00,2026.05.28 12:25:00,phase1-dry-run-v0.7,XAUUSD,SHORT,latest_swing_low,4389.67,4387.42,4393.17,4378.79,575.40,50.00,NORMAL,EXECUTION_OK,CLOCK_OK,SWING_BREAKOUT_RETEST_SHORT_DRY_RUN,false,true
WS119,breakout_retest,2026.05.28 20:45:00,2026.05.28 20:44:58,2026.05.29 02:14:58,2026.05.28 20:45:00,phase1-dry-run-v0.7,XAUUSD,SHORT,latest_swing_low,4498.46,4496.20,4500.42,4489.87,421.86,50.00,NORMAL,EXECUTION_OK,CLOCK_OK,BREAKOUT_RETEST_SHORT_DRY_RUN,false,true
WS120,swing_breakout_retest_v0,2026.05.28 20:45:00,2026.05.28 20:44:58,2026.05.29 02:14:58,2026.05.28 20:45:00,phase1-dry-run-v0.7,XAUUSD,SHORT,latest_swing_low,4498.46,4496.20,4500.42,4489.87,421.86,50.00,NORMAL,EXECUTION_OK,CLOCK_OK,SWING_BREAKOUT_RETEST_SHORT_DRY_RUN,false,true
WS121,breakout_retest,2026.05.28 22:10:00,2026.05.28 22:09:58,2026.05.29 03:39:58,2026.05.28 22:10:00,phase1-dry-run-v0.7,XAUUSD,SHORT,latest_swing_low,4498.46,4494.04,4499.71,4485.53,567.14,50.00,NORMAL,EXECUTION_OK,CLOCK_OK,BREAKOUT_RETEST_SHORT_DRY_RUN,false,true
WS122,swing_breakout_retest_v0,2026.05.28 22:10:00,2026.05.28 22:09:58,2026.05.29 03:39:58,2026.05.28 22:10:00,phase1-dry-run-v0.7,XAUUSD,SHORT,latest_swing_low,4498.46,4494.04,4499.71,4485.53,567.14,50.00,NORMAL,EXECUTION_OK,CLOCK_OK,SWING_BREAKOUT_RETEST_SHORT_DRY_RUN,false,true
WS123,breakout_retest,2026.05.28 22:20:00,2026.05.28 22:19:58,2026.05.29 03:49:58,2026.05.28 22:20:00,phase1-dry-run-v0.7,XAUUSD,SHORT,latest_swing_low,4494.73,4492.24,4495.36,4487.56,312.09,50.00,NORMAL,EXECUTION_OK,CLOCK_OK,BREAKOUT_RETEST_SHORT_DRY_RUN,false,true
WS124,swing_breakout_retest_v0,2026.05.28 22:20:00,2026.05.28 22:19:58,2026.05.29 03:49:58,2026.05.28 22:20:00,phase1-dry-run-v0.7,XAUUSD,SHORT,latest_swing_low,4494.73,4492.24,4495.36,4487.56,312.09,50.00,NORMAL,EXECUTION_OK,CLOCK_OK,SWING_BREAKOUT_RETEST_SHORT_DRY_RUN,false,true
WS125,breakout_retest,2026.05.29 00:30:00,2026.05.29 00:29:58,2026.05.29 05:59:58,2026.05.29 00:30:00,phase1-dry-run-v0.7,XAUUSD,LONG,latest_swing_high,4496.91,4500.29,4495.27,4507.82,502.27,50.00,NORMAL,EXECUTION_OK,CLOCK_OK,BREAKOUT_RETEST_LONG_DRY_RUN,false,true
WS126,swing_breakout_retest_v0,2026.05.29 00:30:00,2026.05.29 00:29:58,2026.05.29 05:59:58,2026.05.29 00:30:00,phase1-dry-run-v0.7,XAUUSD,LONG,latest_swing_high,4496.91,4500.29,4495.27,4507.82,502.27,50.00,NORMAL,EXECUTION_OK,CLOCK_OK,SWING_BREAKOUT_RETEST_LONG_DRY_RUN,false,true
WS127,breakout_retest,2026.05.29 01:10:00,2026.05.29 01:09:58,2026.05.29 06:39:58,2026.05.29 01:10:00,phase1-dry-run-v0.7,XAUUSD,LONG,latest_swing_high,4496.91,4503.39,4491.74,4520.86,1164.70,50.00,NORMAL,EXECUTION_OK,CLOCK_OK,BREAKOUT_RETEST_LONG_DRY_RUN,false,true
WS128,swing_breakout_retest_v0,2026.05.29 01:10:00,2026.05.29 01:09:58,2026.05.29 06:39:58,2026.05.29 01:10:00,phase1-dry-run-v0.7,XAUUSD,LONG,latest_swing_high,4496.91,4503.39,4491.74,4520.86,1164.70,50.00,NORMAL,EXECUTION_OK,CLOCK_OK,SWING_BREAKOUT_RETEST_LONG_DRY_RUN,false,true
WS129,breakout_retest,2026.05.29 02:40:01,2026.05.29 02:39:58,2026.05.29 08:09:58,2026.05.29 02:40:00,phase1-dry-run-v0.7,XAUUSD,LONG,latest_swing_high,4500.39,4505.05,4497.78,4515.96,727.23,50.00,NORMAL,EXECUTION_OK,CLOCK_OK,BREAKOUT_RETEST_LONG_DRY_RUN,false,true
WS130,swing_breakout_retest_v0,2026.05.29 02:40:01,2026.05.29 02:39:58,2026.05.29 08:09:58,2026.05.29 02:40:00,phase1-dry-run-v0.7,XAUUSD,LONG,latest_swing_high,4500.39,4505.05,4497.78,4515.96,727.23,50.00,NORMAL,EXECUTION_OK,CLOCK_OK,SWING_BREAKOUT_RETEST_LONG_DRY_RUN,false,true
WS131,breakout_retest,2026.05.29 03:30:00,2026.05.29 03:29:57,2026.05.29 08:59:57,2026.05.29 03:30:00,phase1-dry-run-v0.7,XAUUSD,SHORT,latest_swing_low,4498.25,4496.20,4499.46,4491.30,326.38,50.00,NORMAL,EXECUTION_OK,CLOCK_OK,BREAKOUT_RETEST_SHORT_DRY_RUN,false,true
WS132,swing_breakout_retest_v0,2026.05.29 03:30:00,2026.05.29 03:29:57,2026.05.29 08:59:57,2026.05.29 03:30:00,phase1-dry-run-v0.7,XAUUSD,SHORT,latest_swing_low,4498.25,4496.20,4499.46,4491.30,326.38,50.00,NORMAL,EXECUTION_OK,CLOCK_OK,SWING_BREAKOUT_RETEST_SHORT_DRY_RUN,false,true
WS133,breakout_retest,2026.05.29 05:00:00,2026.05.29 04:59:57,2026.05.29 10:29:57,2026.05.29 05:00:00,phase1-dry-run-v0.7,XAUUSD,LONG,latest_swing_high,4508.03,4509.99,4507.72,4513.39,226.75,75.00,NORMAL,EXECUTION_OK,CLOCK_OK,BREAKOUT_RETEST_LONG_DRY_RUN,false,true
WS134,swing_breakout_retest_v0,2026.05.29 05:00:00,2026.05.29 04:59:57,2026.05.29 10:29:57,2026.05.29 05:00:00,phase1-dry-run-v0.7,XAUUSD,LONG,latest_swing_high,4508.03,4509.99,4507.72,4513.39,226.75,75.00,NORMAL,EXECUTION_OK,CLOCK_OK,SWING_BREAKOUT_RETEST_LONG_DRY_RUN,false,true
WS135,breakout_retest,2026.05.29 06:05:00,2026.05.29 06:04:57,2026.05.29 11:34:57,2026.05.29 06:05:00,phase1-dry-run-v0.7,XAUUSD,LONG,latest_swing_high,4511.61,4515.35,4510.05,4523.29,529.56,75.00,NORMAL,EXECUTION_OK,CLOCK_OK,BREAKOUT_RETEST_LONG_DRY_RUN,false,true
WS136,swing_breakout_retest_v0,2026.05.29 06:05:00,2026.05.29 06:04:57,2026.05.29 11:34:57,2026.05.29 06:05:00,phase1-dry-run-v0.7,XAUUSD,LONG,latest_swing_high,4511.61,4515.35,4510.05,4523.29,529.56,75.00,NORMAL,EXECUTION_OK,CLOCK_OK,SWING_BREAKOUT_RETEST_LONG_DRY_RUN,false,true
WS137,breakout_retest,2026.05.29 06:50:00,2026.05.29 06:49:57,2026.05.29 12:19:57,2026.05.29 06:50:00,phase1-dry-run-v0.7,XAUUSD,LONG,previous_daily_high,4516.51,4516.75,4510.51,4526.11,623.74,50.00,NORMAL,EXECUTION_OK,CLOCK_OK,BREAKOUT_RETEST_LONG_DRY_RUN,false,true
WS138,breakout_retest,2026.05.29 06:55:00,2026.05.29 06:54:57,2026.05.29 12:24:57,2026.05.29 06:55:00,phase1-dry-run-v0.7,XAUUSD,LONG,previous_daily_high,4516.51,4519.53,4514.38,4527.25,514.78,50.00,NORMAL,EXECUTION_OK,CLOCK_OK,BREAKOUT_RETEST_LONG_DRY_RUN,false,true
WS139,breakout_retest,2026.05.29 07:40:00,2026.05.29 07:39:56,2026.05.29 13:09:56,2026.05.29 07:40:00,phase1-dry-run-v0.7,XAUUSD,LONG,previous_daily_high,4516.51,4521.02,4512.24,4534.19,878.26,75.00,NORMAL,EXECUTION_OK,CLOCK_OK,BREAKOUT_RETEST_LONG_DRY_RUN,false,true
WS140,breakout_retest,2026.05.29 09:10:01,2026.05.29 09:09:57,2026.05.29 14:39:57,2026.05.29 09:10:00,phase1-dry-run-v0.7,XAUUSD,LONG,previous_daily_high,4516.51,4519.06,4512.61,4528.74,645.01,50.00,NORMAL,EXECUTION_OK,CLOCK_OK,BREAKOUT_RETEST_LONG_DRY_RUN,false,true
WS141,breakout_retest,2026.05.29 09:40:00,2026.05.29 09:39:56,2026.05.29 15:09:56,2026.05.29 09:40:00,phase1-dry-run-v0.7,XAUUSD,LONG,latest_swing_high,4526.04,4530.50,4524.21,4539.94,629.18,50.00,NORMAL,EXECUTION_OK,CLOCK_OK,BREAKOUT_RETEST_LONG_DRY_RUN,false,true
WS142,swing_breakout_retest_v0,2026.05.29 09:40:00,2026.05.29 09:39:56,2026.05.29 15:09:56,2026.05.29 09:40:00,phase1-dry-run-v0.7,XAUUSD,LONG,latest_swing_high,4526.04,4530.50,4524.21,4539.94,629.18,50.00,NORMAL,EXECUTION_OK,CLOCK_OK,SWING_BREAKOUT_RETEST_LONG_DRY_RUN,false,true
WS143,breakout_retest,2026.05.29 10:15:00,2026.05.29 10:14:56,2026.05.29 15:44:56,2026.05.29 10:15:00,phase1-dry-run-v0.7,XAUUSD,LONG,latest_swing_high,4526.04,4528.52,4525.12,4533.62,340.27,50.00,NORMAL,EXECUTION_OK,CLOCK_OK,BREAKOUT_RETEST_LONG_DRY_RUN,false,true
WS144,swing_breakout_retest_v0,2026.05.29 10:15:00,2026.05.29 10:14:56,2026.05.29 15:44:56,2026.05.29 10:15:00,phase1-dry-run-v0.7,XAUUSD,LONG,latest_swing_high,4526.04,4528.52,4525.12,4533.62,340.27,50.00,NORMAL,EXECUTION_OK,CLOCK_OK,SWING_BREAKOUT_RETEST_LONG_DRY_RUN,false,true
WS145,breakout_retest,2026.05.29 10:25:00,2026.05.29 10:24:56,2026.05.29 15:54:56,2026.05.29 10:25:00,phase1-dry-run-v0.7,XAUUSD,LONG,latest_swing_high,4526.04,4530.08,4524.94,4537.80,514.49,50.00,NORMAL,EXECUTION_OK,CLOCK_OK,BREAKOUT_RETEST_LONG_DRY_RUN,false,true
WS146,swing_breakout_retest_v0,2026.05.29 10:25:00,2026.05.29 10:24:56,2026.05.29 15:54:56,2026.05.29 10:25:00,phase1-dry-run-v0.7,XAUUSD,LONG,latest_swing_high,4526.04,4530.08,4524.94,4537.80,514.49,50.00,NORMAL,EXECUTION_OK,CLOCK_OK,SWING_BREAKOUT_RETEST_LONG_DRY_RUN,false,true
WS147,breakout_retest,2026.05.29 10:30:00,2026.05.29 10:29:56,2026.05.29 15:59:56,2026.05.29 10:30:00,phase1-dry-run-v0.7,XAUUSD,LONG,latest_swing_high,4526.04,4527.63,4525.35,4531.05,227.80,75.00,NORMAL,EXECUTION_OK,CLOCK_OK,BREAKOUT_RETEST_LONG_DRY_RUN,false,true
WS148,swing_breakout_retest_v0,2026.05.29 10:30:00,2026.05.29 10:29:56,2026.05.29 15:59:56,2026.05.29 10:30:00,phase1-dry-run-v0.7,XAUUSD,LONG,latest_swing_high,4526.04,4527.63,4525.35,4531.05,227.80,75.00,NORMAL,EXECUTION_OK,CLOCK_OK,SWING_BREAKOUT_RETEST_LONG_DRY_RUN,false,true
