"trade_id","expert","cell_id","symbol","broker","cost_model","entry_time_utc","exit_time_utc","direction","entry_price","stop_loss","take_profit","exit_price","net_pnl","r_multiple","setup_reason_code","chart_context_start_utc","chart_context_end_utc","manual_failure_class","manual_notes","reviewer","reviewed_at_utc"
"breakout_retest-cell1-968","breakout_retest","1","XAUUSD","capital_com","best_case","2016-06-02T12:00:00+00:00","2016-06-02T12:10:00+00:00","LONG","1216.8","1215.7037156894442","1218.4444264658337","1215.7037156894442","-156.7686564094797","-0.9932698074768128","stop_triggered","2016-06-02T08:00:00+00:00","2016-06-02T13:10:00+00:00","VALID_LOSS","Project owner manual review confirmed this sampled losing trade is a mechanically valid breakout_retest loss with no logic gap. Level, break/retest intent, entry, stop, and target were accepted for Gate 9 scoring.","project_owner","2026-05-21T12:07:22Z"
"breakout_retest-cell1-1479","breakout_retest","1","XAUUSD","capital_com","best_case","2016-08-18T05:50:00+00:00","2016-08-18T06:15:00+00:00","LONG","1353.2","1352.4672600531574","1354.299109920264","1352.4672600531574","-319.47461682341054","-0.9982928899786824","stop_triggered","2016-08-18T01:50:00+00:00","2016-08-18T07:15:00+00:00","VALID_LOSS","Project owner manual review confirmed this sampled losing trade is a mechanically valid breakout_retest loss with no logic gap. Level, break/retest intent, entry, stop, and target were accepted for Gate 9 scoring.","project_owner","2026-05-21T12:07:22Z"
"breakout_retest-cell1-1725","breakout_retest","1","XAUUSD","capital_com","best_case","2016-09-23T06:35:00+00:00","2016-09-23T06:40:00+00:00","LONG","1335.08","1334.7092174470663","1335.6361738294004","1334.7092174470663","-406.37767801526206","-0.9994882051062144","stop_triggered","2016-09-23T02:35:00+00:00","2016-09-23T07:40:00+00:00","VALID_LOSS","Project owner manual review confirmed this sampled losing trade is a mechanically valid breakout_retest loss with no logic gap. Level, break/retest intent, entry, stop, and target were accepted for Gate 9 scoring.","project_owner","2026-05-21T12:07:22Z"
"breakout_retest-cell1-5841","breakout_retest","1","XAUUSD","capital_com","best_case","2018-06-17T22:20:00+00:00","2018-06-17T22:55:00+00:00","SHORT","1279.02","1279.9196839240255","1277.6704741139615","1279.9196839240255","-20073.747712858447","-0.9999738621216104","stop_triggered","2018-06-17T18:20:00+00:00","2018-06-17T23:55:00+00:00","VALID_LOSS","Project owner manual review confirmed this sampled losing trade is a mechanically valid breakout_retest loss with no logic gap. Level, break/retest intent, entry, stop, and target were accepted for Gate 9 scoring.","project_owner","2026-05-21T12:07:22Z"
"breakout_retest-cell1-6123","breakout_retest","1","XAUUSD","capital_com","best_case","2018-07-23T20:40:00+00:00","2018-07-23T22:10:00+00:00","SHORT","1224.34","1224.7029146992274","1223.7956279511586","1224.7029146992274","-25377.173258184328","-0.9999890819264334","stop_triggered","2018-07-23T16:40:00+00:00","2018-07-23T23:10:00+00:00","VALID_LOSS","Project owner manual review confirmed this sampled losing trade is a mechanically valid breakout_retest loss with no logic gap. Level, break/retest intent, entry, stop, and target were accepted for Gate 9 scoring.","project_owner","2026-05-21T12:07:22Z"
"breakout_retest-cell2-107","breakout_retest","2","XAUUSD","capital_com","median","2016-01-20T10:00:00+00:00","2016-01-20T10:30:00+00:00","LONG","1094.59","1094.093111098579","1095.3353333521318","1094.093111098579","-58.13600146628551","-0.997059864104792","stop_triggered","2016-01-20T06:00:00+00:00","2016-01-20T11:30:00+00:00","VALID_LOSS","Project owner manual review confirmed this sampled losing trade is a mechanically valid breakout_retest loss with no logic gap. Level, break/retest intent, entry, stop, and target were accepted for Gate 9 scoring.","project_owner","2026-05-21T12:07:22Z"
"breakout_retest-cell2-139","breakout_retest","2","XAUUSD","capital_com","median","2016-01-26T09:45:00+00:00","2016-01-26T09:55:00+00:00","LONG","1114.61","1113.9501820696548","1115.5997268955175","1113.9501820696548","-59.38361373105637","-0.9915216278801952","stop_triggered","2016-01-26T05:45:00+00:00","2016-01-26T10:55:00+00:00","VALID_LOSS","Project owner manual review confirmed this sampled losing trade is a mechanically valid breakout_retest loss with no logic gap. Level, break/retest intent, entry, stop, and target were accepted for Gate 9 scoring.","project_owner","2026-05-21T12:07:22Z"
"breakout_retest-cell2-1111","breakout_retest","2","XAUUSD","capital_com","median","2016-06-22T12:25:00+00:00","2016-06-22T12:50:00+00:00","LONG","1267.74","1266.6940087040696","1269.3089869438957","1266.6940087040696","-188.27843326747825","-0.994881329563598","stop_triggered","2016-06-22T08:25:00+00:00","2016-06-22T13:50:00+00:00","VALID_LOSS","Project owner manual review confirmed this sampled losing trade is a mechanically valid breakout_retest loss with no logic gap. Level, break/retest intent, entry, stop, and target were accepted for Gate 9 scoring.","project_owner","2026-05-21T12:07:22Z"
"breakout_retest-cell2-1229","breakout_retest","2","XAUUSD","capital_com","median","2016-07-08T05:55:00+00:00","2016-07-08T06:55:00+00:00","LONG","1357.55","1356.5847094645517","1358.9979358031724","1356.5847094645517","-223.9474042239999","-0.999461070238522","stop_triggered","2016-07-08T01:55:00+00:00","2016-07-08T07:55:00+00:00","VALID_LOSS","Project owner manual review confirmed this sampled losing trade is a mechanically valid breakout_retest loss with no logic gap. Level, break/retest intent, entry, stop, and target were accepted for Gate 9 scoring.","project_owner","2026-05-21T12:07:22Z"
"breakout_retest-cell2-1281","breakout_retest","2","XAUUSD","capital_com","median","2016-07-18T12:00:00+00:00","2016-07-18T12:05:00+00:00","SHORT","1325.16","1325.9235475543092","1324.0146786685364","1325.9235475543092","-263.42390623662936","-0.998394663718106","stop_triggered","2016-07-18T08:00:00+00:00","2016-07-18T13:05:00+00:00","VALID_LOSS","Project owner manual review confirmed this sampled losing trade is a mechanically valid breakout_retest loss with no logic gap. Level, break/retest intent, entry, stop, and target were accepted for Gate 9 scoring.","project_owner","2026-05-21T12:07:22Z"
"breakout_retest-cell2-4249","breakout_retest","2","XAUUSD","capital_com","median","2017-10-04T20:45:00+00:00","2017-10-04T23:55:00+00:00","LONG","1274.81","1273.661776385679","1276.532335421481","1273.661776385679","-3823.5846356884","-0.9997667291198128","stop_triggered","2017-10-04T16:45:00+00:00","2017-10-05T00:55:00+00:00","VALID_LOSS","Project owner manual review confirmed this sampled losing trade is a mechanically valid breakout_retest loss with no logic gap. Level, break/retest intent, entry, stop, and target were accepted for Gate 9 scoring.","project_owner","2026-05-21T12:07:22Z"
"breakout_retest-cell2-4717","breakout_retest","2","XAUUSD","capital_com","median","2017-12-27T03:25:00+00:00","2017-12-27T03:40:00+00:00","SHORT","1281.48","1281.743099721993","1281.0853504170104","1281.743099721993","-5499.310389098893","-0.999955461182416","stop_triggered","2017-12-26T23:25:00+00:00","2017-12-27T04:40:00+00:00","VALID_LOSS","Project owner manual review confirmed this sampled losing trade is a mechanically valid breakout_retest loss with no logic gap. Level, break/retest intent, entry, stop, and target were accepted for Gate 9 scoring.","project_owner","2026-05-21T12:07:22Z"
"breakout_retest-cell2-4838","breakout_retest","2","XAUUSD","capital_com","median","2018-01-17T06:00:00+00:00","2018-01-17T07:15:00+00:00","SHORT","1333.27","1335.3077973561517","1330.2133039657724","1335.3077973561517","-6834.772332532847","-0.9999075328624698","stop_triggered","2018-01-17T02:00:00+00:00","2018-01-17T08:15:00+00:00","VALID_LOSS","Project owner manual review confirmed this sampled losing trade is a mechanically valid breakout_retest loss with no logic gap. Level, break/retest intent, entry, stop, and target were accepted for Gate 9 scoring.","project_owner","2026-05-21T12:07:22Z"
"breakout_retest-cell2-6634","breakout_retest","2","XAUUSD","capital_com","median","2018-09-30T23:00:00+00:00","2018-09-30T23:15:00+00:00","SHORT","1191.64","1191.83673599072","1191.3448960139203","1191.83673599072","-47276.052041960014","-0.9999959289035624","stop_triggered","2018-09-30T19:00:00+00:00","2018-10-01T00:15:00+00:00","VALID_LOSS","Project owner manual review confirmed this sampled losing trade is a mechanically valid breakout_retest loss with no logic gap. Level, break/retest intent, entry, stop, and target were accepted for Gate 9 scoring.","project_owner","2026-05-21T12:07:22Z"
"breakout_retest-cell3-305","breakout_retest","3","XAUUSD","capital_com","p95","2016-02-22T14:55:00+00:00","2016-02-22T15:15:00+00:00","LONG","1212.25","1209.3476604170933","1216.55350937436","1209.3276604170933","-61.36913124104103","-0.966749255964198","stop_triggered","2016-02-22T10:55:00+00:00","2016-02-22T16:15:00+00:00","VALID_LOSS","Project owner manual review confirmed this sampled losing trade is a mechanically valid breakout_retest loss with no logic gap. Level, break/retest intent, entry, stop, and target were accepted for Gate 9 scoring.","project_owner","2026-05-21T12:07:22Z"
"breakout_retest-cell3-380","breakout_retest","3","XAUUSD","capital_com","p95","2016-03-03T05:10:00+00:00","2016-03-03T05:15:00+00:00","LONG","1239.55","1238.7261413529409","1240.7357879705887","1238.706141352941","-69.19640905884215","-1.016178172016174","stop_triggered","2016-03-03T01:10:00+00:00","2016-03-03T06:15:00+00:00","VALID_LOSS","Project owner manual review confirmed this sampled losing trade is a mechanically valid breakout_retest loss with no logic gap. Level, break/retest intent, entry, stop, and target were accepted for Gate 9 scoring.","project_owner","2026-05-21T12:07:22Z"
"breakout_retest-cell3-710","breakout_retest","3","XAUUSD","capital_com","p95","2016-04-27T18:30:00+00:00","2016-04-27T18:45:00+00:00","SHORT","1244.06","1249.227768193478","1236.358347709783","1249.247768193478","-88.19205928912515","-0.9699787977326992","stop_triggered","2016-04-27T14:30:00+00:00","2016-04-27T19:45:00+00:00","VALID_LOSS","Project owner manual review confirmed this sampled losing trade is a mechanically valid breakout_retest loss with no logic gap. Level, break/retest intent, entry, stop, and target were accepted for Gate 9 scoring.","project_owner","2026-05-21T12:07:22Z"
"breakout_retest-cell3-2060","breakout_retest","3","XAUUSD","capital_com","p95","2016-11-15T06:15:00+00:00","2016-11-15T07:00:00+00:00","LONG","1227.14","1225.4164153197896","1229.6753770203154","1225.3964153197896","-359.17844412330805","-1.009520223005363","stop_triggered","2016-11-15T02:15:00+00:00","2016-11-15T08:00:00+00:00","VALID_LOSS","Project owner manual review confirmed this sampled losing trade is a mechanically valid breakout_retest loss with no logic gap. Level, break/retest intent, entry, stop, and target were accepted for Gate 9 scoring.","project_owner","2026-05-21T12:07:22Z"
"breakout_retest-cell3-2470","breakout_retest","3","XAUUSD","capital_com","p95","2017-01-18T07:05:00+00:00","2017-01-18T07:10:00+00:00","SHORT","1211.0","1211.8627315415767","1209.7559026876347","1211.8827315415767","-418.4147507073708","-1.0221498581607291","stop_triggered","2017-01-18T03:05:00+00:00","2017-01-18T08:10:00+00:00","VALID_LOSS","Project owner manual review confirmed this sampled losing trade is a mechanically valid breakout_retest loss with no logic gap. Level, break/retest intent, entry, stop, and target were accepted for Gate 9 scoring.","project_owner","2026-05-21T12:07:22Z"
"breakout_retest-cell3-2964","breakout_retest","3","XAUUSD","capital_com","p95","2017-03-30T04:30:00+00:00","2017-03-30T04:45:00+00:00","LONG","1249.93","1249.656750346153","1250.2898744807703","1249.6367503461531","-695.2949292705609","-1.0727616474881423","stop_triggered","2017-03-30T00:30:00+00:00","2017-03-30T05:45:00+00:00","VALID_LOSS","Project owner manual review confirmed this sampled losing trade is a mechanically valid breakout_retest loss with no logic gap. Level, break/retest intent, entry, stop, and target were accepted for Gate 9 scoring.","project_owner","2026-05-21T12:07:22Z"
"breakout_retest-cell3-4137","breakout_retest","3","XAUUSD","capital_com","p95","2017-09-20T13:30:00+00:00","2017-09-20T13:40:00+00:00","LONG","1312.13","1311.52703799071","1312.9844430139349","1311.5070379907102","-994.2473668263964","-1.032929050201037","stop_triggered","2017-09-20T09:30:00+00:00","2017-09-20T14:40:00+00:00","VALID_LOSS","Project owner manual review confirmed this sampled losing trade is a mechanically valid breakout_retest loss with no logic gap. Level, break/retest intent, entry, stop, and target were accepted for Gate 9 scoring.","project_owner","2026-05-21T12:07:22Z"
"breakout_retest-cell3-4430","breakout_retest","3","XAUUSD","capital_com","p95","2017-11-06T10:00:00+00:00","2017-11-06T10:15:00+00:00","LONG","1272.03","1271.2475415426927","1273.153687685961","1271.2275415426927","-1295.9704085511908","-1.02498255932609","stop_triggered","2017-11-06T06:00:00+00:00","2017-11-06T11:15:00+00:00","VALID_LOSS","Project owner manual review confirmed this sampled losing trade is a mechanically valid breakout_retest loss with no logic gap. Level, break/retest intent, entry, stop, and target were accepted for Gate 9 scoring.","project_owner","2026-05-21T12:07:22Z"
"breakout_retest-cell3-5107","breakout_retest","3","XAUUSD","capital_com","p95","2018-02-26T16:25:00+00:00","2018-02-26T16:55:00+00:00","SHORT","1330.82","1331.9025178337863","1329.2462232493203","1331.9225178337863","-1965.7892976410635","-1.0179306821208522","stop_triggered","2018-02-26T12:25:00+00:00","2018-02-26T17:55:00+00:00","VALID_LOSS","Project owner manual review confirmed this sampled losing trade is a mechanically valid breakout_retest loss with no logic gap. Level, break/retest intent, entry, stop, and target were accepted for Gate 9 scoring.","project_owner","2026-05-21T12:07:22Z"
"breakout_retest-cell3-5695","breakout_retest","3","XAUUSD","capital_com","p95","2018-05-28T07:55:00+00:00","2018-05-28T08:15:00+00:00","LONG","1297.29","1296.7131642470388","1298.105253629442","1296.6931642470388","-3219.332051472548","-1.0344849009236754","stop_triggered","2018-05-28T03:55:00+00:00","2018-05-28T09:15:00+00:00","VALID_LOSS","Project owner manual review confirmed this sampled losing trade is a mechanically valid breakout_retest loss with no logic gap. Level, break/retest intent, entry, stop, and target were accepted for Gate 9 scoring.","project_owner","2026-05-21T12:07:22Z"
"breakout_retest-cell3-5740","breakout_retest","3","XAUUSD","capital_com","p95","2018-06-01T14:35:00+00:00","2018-06-01T14:55:00+00:00","SHORT","1294.03","1294.9702394705164","1292.6696407942254","1294.9902394705164","-3280.178031284018","-1.0210078574078476","stop_triggered","2018-06-01T10:35:00+00:00","2018-06-01T15:55:00+00:00","VALID_LOSS","Project owner manual review confirmed this sampled losing trade is a mechanically valid breakout_retest loss with no logic gap. Level, break/retest intent, entry, stop, and target were accepted for Gate 9 scoring.","project_owner","2026-05-21T12:07:22Z"
"breakout_retest-cell3-6000","breakout_retest","3","XAUUSD","capital_com","p95","2018-07-06T12:15:00+00:00","2018-07-06T12:25:00+00:00","LONG","1254.92","1254.4875957377826","1255.5186063933263","1254.4675957377826","-3645.02114068593","-1.0461520078295592","stop_triggered","2018-07-06T08:15:00+00:00","2018-07-06T13:25:00+00:00","VALID_LOSS","Project owner manual review confirmed this sampled losing trade is a mechanically valid breakout_retest loss with no logic gap. Level, break/retest intent, entry, stop, and target were accepted for Gate 9 scoring.","project_owner","2026-05-21T12:07:22Z"
"breakout_retest-cell3-6644","breakout_retest","3","XAUUSD","capital_com","p95","2018-10-01T18:20:00+00:00","2018-10-01T18:35:00+00:00","SHORT","1188.41","1188.9604079223564","1187.6343881164655","1188.9804079223563","-5913.418931067276","-1.0362861024249712","stop_triggered","2018-10-01T14:20:00+00:00","2018-10-01T19:35:00+00:00","VALID_LOSS","Project owner manual review confirmed this sampled losing trade is a mechanically valid breakout_retest loss with no logic gap. Level, break/retest intent, entry, stop, and target were accepted for Gate 9 scoring.","project_owner","2026-05-21T12:07:22Z"
"breakout_retest-cell3-6658","breakout_retest","3","XAUUSD","capital_com","p95","2018-10-02T16:20:00+00:00","2018-10-02T16:50:00+00:00","LONG","1204.94","1203.8047618519695","1206.592857222046","1203.7847618519695","-5941.389795321111","-1.0174342338302689","stop_triggered","2018-10-02T12:20:00+00:00","2018-10-02T17:50:00+00:00","VALID_LOSS","Project owner manual review confirmed this sampled losing trade is a mechanically valid breakout_retest loss with no logic gap. Level, break/retest intent, entry, stop, and target were accepted for Gate 9 scoring.","project_owner","2026-05-21T12:07:22Z"
"breakout_retest-cell4-1143","breakout_retest","4","XAUUSD","pepperstone","best_case","2019-06-20T12:50:00+00:00","2019-06-20T13:35:00+00:00","LONG","1381.89","1380.8024288308802","1383.5213567536798","1380.8024288308802","-180.5368140739006","-0.9973111544246114","stop_triggered","2019-06-20T08:50:00+00:00","2019-06-20T14:35:00+00:00","VALID_LOSS","Project owner manual review confirmed this sampled losing trade is a mechanically valid breakout_retest loss with no logic gap. Level, break/retest intent, entry, stop, and target were accepted for Gate 9 scoring.","project_owner","2026-05-21T12:07:22Z"
"breakout_retest-cell4-2656","breakout_retest","4","XAUUSD","pepperstone","best_case","2020-02-07T17:40:00+00:00","2020-02-07T17:45:00+00:00","LONG","1569.46","1567.5115853747534","1572.38262193787","1567.5115853747534","-734.5523137179839","-0.998340670719325","stop_triggered","2020-02-07T13:40:00+00:00","2020-02-07T18:45:00+00:00","VALID_LOSS","Project owner manual review confirmed this sampled losing trade is a mechanically valid breakout_retest loss with no logic gap. Level, break/retest intent, entry, stop, and target were accepted for Gate 9 scoring.","project_owner","2026-05-21T12:07:22Z"
"breakout_retest-cell4-2804","breakout_retest","4","XAUUSD","pepperstone","best_case","2020-03-04T03:15:00+00:00","2020-03-04T03:45:00+00:00","SHORT","1640.78","1643.7493518346605","1636.3259722480095","1643.7493518346605","-881.8974948941095","-0.9993269995683816","stop_triggered","2020-03-03T23:15:00+00:00","2020-03-04T04:45:00+00:00","VALID_LOSS","Project owner manual review confirmed this sampled losing trade is a mechanically valid breakout_retest loss with no logic gap. Level, break/retest intent, entry, stop, and target were accepted for Gate 9 scoring.","project_owner","2026-05-21T12:07:22Z"
"breakout_retest-cell4-3381","breakout_retest","4","XAUUSD","pepperstone","best_case","2020-06-04T06:55:00+00:00","2020-06-04T07:05:00+00:00","SHORT","1702.97","1703.666806009266","1701.9247909861012","1703.666806009266","-967.1667408610084","-0.999779746233774","stop_triggered","2020-06-04T02:55:00+00:00","2020-06-04T08:05:00+00:00","VALID_LOSS","Project owner manual review confirmed this sampled losing trade is a mechanically valid breakout_retest loss with no logic gap. Level, break/retest intent, entry, stop, and target were accepted for Gate 9 scoring.","project_owner","2026-05-21T12:07:22Z"
"breakout_retest-cell4-4522","breakout_retest","4","XAUUSD","pepperstone","best_case","2020-11-11T01:10:00+00:00","2020-11-11T01:25:00+00:00","SHORT","1875.0","1878.2443416682777","1870.1334874975837","1878.2443416682777","-2284.0165344674897","-0.9998412923549134","stop_triggered","2020-11-10T21:10:00+00:00","2020-11-11T02:25:00+00:00","VALID_LOSS","Project owner manual review confirmed this sampled losing trade is a mechanically valid breakout_retest loss with no logic gap. Level, break/retest intent, entry, stop, and target were accepted for Gate 9 scoring.","project_owner","2026-05-21T12:07:22Z"
"breakout_retest-cell4-4898","breakout_retest","4","XAUUSD","pepperstone","best_case","2021-01-13T12:35:00+00:00","2021-01-13T12:55:00+00:00","SHORT","1853.09","1856.1027325484292","1848.570901177356","1856.1027325484292","-3362.2095240473664","-0.9991084390449732","stop_triggered","2021-01-13T08:35:00+00:00","2021-01-13T13:55:00+00:00","VALID_LOSS","Project owner manual review confirmed this sampled losing trade is a mechanically valid breakout_retest loss with no logic gap. Level, break/retest intent, entry, stop, and target were accepted for Gate 9 scoring.","project_owner","2026-05-21T12:07:22Z"
"breakout_retest-cell4-5551","breakout_retest","4","XAUUSD","pepperstone","best_case","2021-04-22T14:05:00+00:00","2021-04-22T15:10:00+00:00","LONG","1786.32","1783.574744433284","1790.437883350074","1783.574744433284","-5668.952745268475","-0.9995324989095916","stop_triggered","2021-04-22T10:05:00+00:00","2021-04-22T16:10:00+00:00","VALID_LOSS","Project owner manual review confirmed this sampled losing trade is a mechanically valid breakout_retest loss with no logic gap. Level, break/retest intent, entry, stop, and target were accepted for Gate 9 scoring.","project_owner","2026-05-21T12:07:22Z"
"breakout_retest-cell4-6328","breakout_retest","4","XAUUSD","pepperstone","best_case","2021-08-24T16:55:00+00:00","2021-08-24T22:55:00+00:00","LONG","1806.44","1803.4963458284456","1810.855481257332","1803.4963458284456","-14650.566811825607","-0.9998041910706916","stop_triggered","2021-08-24T12:55:00+00:00","2021-08-24T23:55:00+00:00","VALID_LOSS","Project owner manual review confirmed this sampled losing trade is a mechanically valid breakout_retest loss with no logic gap. Level, break/retest intent, entry, stop, and target were accepted for Gate 9 scoring.","project_owner","2026-05-21T12:07:22Z"
"breakout_retest-cell4-6357","breakout_retest","4","XAUUSD","pepperstone","best_case","2021-08-27T17:55:00+00:00","2021-08-27T18:10:00+00:00","LONG","1808.74","1805.626591098339","1813.4101133524916","1805.626591098339","-14900.77500334922","-0.9998004445028124","stop_triggered","2021-08-27T13:55:00+00:00","2021-08-27T19:10:00+00:00","VALID_LOSS","Project owner manual review confirmed this sampled losing trade is a mechanically valid breakout_retest loss with no logic gap. Level, break/retest intent, entry, stop, and target were accepted for Gate 9 scoring.","project_owner","2026-05-21T12:07:22Z"
"breakout_retest-cell4-6486","breakout_retest","4","XAUUSD","pepperstone","best_case","2021-09-15T11:30:00+00:00","2021-09-15T12:50:00+00:00","SHORT","1800.91","1802.2647719904376","1798.877842014344","1802.2647719904376","-17140.57522301505","-0.9999351590689736","stop_triggered","2021-09-15T07:30:00+00:00","2021-09-15T13:50:00+00:00","VALID_LOSS","Project owner manual review confirmed this sampled losing trade is a mechanically valid breakout_retest loss with no logic gap. Level, break/retest intent, entry, stop, and target were accepted for Gate 9 scoring.","project_owner","2026-05-21T12:07:22Z"
"breakout_retest-cell5-847","breakout_retest","5","XAUUSD","pepperstone","median","2019-05-09T02:45:00+00:00","2019-05-09T03:10:00+00:00","LONG","1281.39","1281.1046753667692","1281.8179869498465","1281.1046753667692","-142.37699198219775","-0.9984685814499517","stop_triggered","2019-05-08T22:45:00+00:00","2019-05-09T04:10:00+00:00","VALID_LOSS","Project owner manual review confirmed this sampled losing trade is a mechanically valid breakout_retest loss with no logic gap. Level, break/retest intent, entry, stop, and target were accepted for Gate 9 scoring.","project_owner","2026-05-21T12:07:22Z"
"breakout_retest-cell5-1102","breakout_retest","5","XAUUSD","pepperstone","median","2019-06-14T16:45:00+00:00","2019-06-14T17:30:00+00:00","LONG","1349.73","1346.765771673251","1354.1763424901235","1346.765771673251","-171.92524295144085","-0.992366795695993","stop_triggered","2019-06-14T12:45:00+00:00","2019-06-14T18:30:00+00:00","VALID_LOSS","Project owner manual review confirmed this sampled losing trade is a mechanically valid breakout_retest loss with no logic gap. Level, break/retest intent, entry, stop, and target were accepted for Gate 9 scoring.","project_owner","2026-05-21T12:07:22Z"
"breakout_retest-cell5-1770","breakout_retest","5","XAUUSD","pepperstone","median","2019-09-24T13:40:00+00:00","2019-09-24T13:45:00+00:00","SHORT","1521.53","1522.0690811329778","1520.7213783005332","1522.0690811329778","-334.2303024462353","-0.9997440541931042","stop_triggered","2019-09-24T09:40:00+00:00","2019-09-24T14:45:00+00:00","VALID_LOSS","Project owner manual review confirmed this sampled losing trade is a mechanically valid breakout_retest loss with no logic gap. Level, break/retest intent, entry, stop, and target were accepted for Gate 9 scoring.","project_owner","2026-05-21T12:07:22Z"
"breakout_retest-cell5-1957","breakout_retest","5","XAUUSD","pepperstone","median","2019-10-24T10:25:00+00:00","2019-10-24T11:05:00+00:00","SHORT","1488.79","1491.8106881725669","1484.2589677411495","1491.8106881725669","-416.854967814233","-0.9974235323063056","stop_triggered","2019-10-24T06:25:00+00:00","2019-10-24T12:05:00+00:00","VALID_LOSS","Project owner manual review confirmed this sampled losing trade is a mechanically valid breakout_retest loss with no logic gap. Level, break/retest intent, entry, stop, and target were accepted for Gate 9 scoring.","project_owner","2026-05-21T12:07:22Z"
"breakout_retest-cell5-2588","breakout_retest","5","XAUUSD","pepperstone","median","2020-01-30T14:35:00+00:00","2020-01-30T14:45:00+00:00","LONG","1581.18","1580.233714054943","1582.5994289175856","1580.233714054943","-668.0778772102917","-0.999487424755947","stop_triggered","2020-01-30T10:35:00+00:00","2020-01-30T15:45:00+00:00","VALID_LOSS","Project owner manual review confirmed this sampled losing trade is a mechanically valid breakout_retest loss with no logic gap. Level, break/retest intent, entry, stop, and target were accepted for Gate 9 scoring.","project_owner","2026-05-21T12:07:22Z"
"breakout_retest-cell5-3103","breakout_retest","5","XAUUSD","pepperstone","median","2020-04-21T19:25:00+00:00","2020-04-21T19:45:00+00:00","SHORT","1677.17","1679.7935485202331","1673.2346772196502","1679.7935485202331","-973.3365010065436","-0.9985611664148416","stop_triggered","2020-04-21T15:25:00+00:00","2020-04-21T20:45:00+00:00","VALID_LOSS","Project owner manual review confirmed this sampled losing trade is a mechanically valid breakout_retest loss with no logic gap. Level, break/retest intent, entry, stop, and target were accepted for Gate 9 scoring.","project_owner","2026-05-21T12:07:22Z"
"breakout_retest-cell5-3107","breakout_retest","5","XAUUSD","pepperstone","median","2020-04-22T13:55:00+00:00","2020-04-22T14:40:00+00:00","LONG","1701.5","1699.1709028117157","1704.993645782427","1699.1709028117157","-978.2208190795108","-0.998616220037309","stop_triggered","2020-04-22T09:55:00+00:00","2020-04-22T15:40:00+00:00","VALID_LOSS","Project owner manual review confirmed this sampled losing trade is a mechanically valid breakout_retest loss with no logic gap. Level, break/retest intent, entry, stop, and target were accepted for Gate 9 scoring.","project_owner","2026-05-21T12:07:22Z"
"breakout_retest-cell5-4093","breakout_retest","5","XAUUSD","pepperstone","median","2020-09-11T05:15:00+00:00","2020-09-11T05:30:00+00:00","LONG","1946.56","1945.473799177821","1948.189301233268","1945.473799177821","-1615.180622579954","-0.9997653280503672","stop_triggered","2020-09-11T01:15:00+00:00","2020-09-11T06:30:00+00:00","VALID_LOSS","Project owner manual review confirmed this sampled losing trade is a mechanically valid breakout_retest loss with no logic gap. Level, break/retest intent, entry, stop, and target were accepted for Gate 9 scoring.","project_owner","2026-05-21T12:07:22Z"
"breakout_retest-cell5-4293","breakout_retest","5","XAUUSD","pepperstone","median","2020-10-09T11:45:00+00:00","2020-10-09T11:55:00+00:00","LONG","1915.78","1914.778704681964","1917.2819429770536","1914.778704681964","-1892.4481510876103","-0.9996982142074312","stop_triggered","2020-10-09T07:45:00+00:00","2020-10-09T12:55:00+00:00","VALID_LOSS","Project owner manual review confirmed this sampled losing trade is a mechanically valid breakout_retest loss with no logic gap. Level, break/retest intent, entry, stop, and target were accepted for Gate 9 scoring.","project_owner","2026-05-21T12:07:22Z"
"breakout_retest-cell5-4538","breakout_retest","5","XAUUSD","pepperstone","median","2020-11-13T08:00:00+00:00","2020-11-13T09:50:00+00:00","LONG","1879.55","1878.119372695793","1881.69594095631","1878.119372695793","-2243.2236129963203","-0.9995748225677776","stop_triggered","2020-11-13T04:00:00+00:00","2020-11-13T10:50:00+00:00","VALID_LOSS","Project owner manual review confirmed this sampled losing trade is a mechanically valid breakout_retest loss with no logic gap. Level, break/retest intent, entry, stop, and target were accepted for Gate 9 scoring.","project_owner","2026-05-21T12:07:22Z"
"breakout_retest-cell5-4589","breakout_retest","5","XAUUSD","pepperstone","median","2020-11-23T15:00:00+00:00","2020-11-23T15:10:00+00:00","LONG","1868.36","1866.9455300852576","1870.481704872113","1866.9455300852576","-2343.776648727636","-0.9994230642226034","stop_triggered","2020-11-23T11:00:00+00:00","2020-11-23T16:10:00+00:00","VALID_LOSS","Project owner manual review confirmed this sampled losing trade is a mechanically valid breakout_retest loss with no logic gap. Level, break/retest intent, entry, stop, and target were accepted for Gate 9 scoring.","project_owner","2026-05-21T12:07:22Z"
"breakout_retest-cell5-4764","breakout_retest","5","XAUUSD","pepperstone","median","2020-12-18T07:45:00+00:00","2020-12-18T07:55:00+00:00","LONG","1884.84","1883.2222838799407","1887.2665741800888","1883.2222838799407","-3152.928717995352","-0.99974788644741","stop_triggered","2020-12-18T03:45:00+00:00","2020-12-18T08:55:00+00:00","VALID_LOSS","Project owner manual review confirmed this sampled losing trade is a mechanically valid breakout_retest loss with no logic gap. Level, break/retest intent, entry, stop, and target were accepted for Gate 9 scoring.","project_owner","2026-05-21T12:07:22Z"
"breakout_retest-cell5-5469","breakout_retest","5","XAUUSD","pepperstone","median","2021-04-12T10:35:00+00:00","2021-04-12T11:10:00+00:00","LONG","1740.82","1738.1276329996272","1744.858550500559","1738.1276329996272","-5390.118734746284","-0.9999847094239706","stop_triggered","2021-04-12T06:35:00+00:00","2021-04-12T12:10:00+00:00","VALID_LOSS","Project owner manual review confirmed this sampled losing trade is a mechanically valid breakout_retest loss with no logic gap. Level, break/retest intent, entry, stop, and target were accepted for Gate 9 scoring.","project_owner","2026-05-21T12:07:22Z"
"breakout_retest-cell5-5717","breakout_retest","5","XAUUSD","pepperstone","median","2021-05-18T11:20:00+00:00","2021-05-18T14:10:00+00:00","LONG","1868.96","1867.2420528050657","1871.5369207924016","1867.2420528050657","-7041.865552035975","-0.9997952570906388","stop_triggered","2021-05-18T07:20:00+00:00","2021-05-18T15:10:00+00:00","VALID_LOSS","Project owner manual review confirmed this sampled losing trade is a mechanically valid breakout_retest loss with no logic gap. Level, break/retest intent, entry, stop, and target were accepted for Gate 9 scoring.","project_owner","2026-05-21T12:07:22Z"
"breakout_retest-cell5-6152","breakout_retest","5","XAUUSD","pepperstone","median","2021-07-27T17:00:00+00:00","2021-07-27T17:20:00+00:00","SHORT","1800.05","1802.2417025310883","1796.7624462033673","1802.2417025310883","-11655.474060327935","-0.9999974375235808","stop_triggered","2021-07-27T13:00:00+00:00","2021-07-27T18:20:00+00:00","VALID_LOSS","Project owner manual review confirmed this sampled losing trade is a mechanically valid breakout_retest loss with no logic gap. Level, break/retest intent, entry, stop, and target were accepted for Gate 9 scoring.","project_owner","2026-05-21T12:07:22Z"
"breakout_retest-cell5-6211","breakout_retest","5","XAUUSD","pepperstone","median","2021-08-05T04:30:00+00:00","2021-08-05T04:40:00+00:00","SHORT","1811.1","1811.9028556981689","1809.8957164527465","1811.9028556981689","-12768.617023679282","-0.9999375312524909","stop_triggered","2021-08-05T00:30:00+00:00","2021-08-05T05:40:00+00:00","VALID_LOSS","Project owner manual review confirmed this sampled losing trade is a mechanically valid breakout_retest loss with no logic gap. Level, break/retest intent, entry, stop, and target were accepted for Gate 9 scoring.","project_owner","2026-05-21T12:07:22Z"
"breakout_retest-cell5-6281","breakout_retest","5","XAUUSD","pepperstone","median","2021-08-17T02:50:00+00:00","2021-08-17T02:55:00+00:00","SHORT","1787.05","1787.440726698964","1786.463909951554","1787.440726698964","-14091.94912483724","-0.9999969665912364","stop_triggered","2021-08-16T22:50:00+00:00","2021-08-17T03:55:00+00:00","VALID_LOSS","Project owner manual review confirmed this sampled losing trade is a mechanically valid breakout_retest loss with no logic gap. Level, break/retest intent, entry, stop, and target were accepted for Gate 9 scoring.","project_owner","2026-05-21T12:07:22Z"
"breakout_retest-cell5-6633","breakout_retest","5","XAUUSD","pepperstone","median","2021-10-08T15:40:00+00:00","2021-10-08T17:25:00+00:00","LONG","1771.63","1761.6262147506377","1786.6356778740435","1761.6262147506377","-18006.813448852336","-0.9995577277516872","stop_triggered","2021-10-08T11:40:00+00:00","2021-10-08T18:25:00+00:00","VALID_LOSS","Project owner manual review confirmed this sampled losing trade is a mechanically valid breakout_retest loss with no logic gap. Level, break/retest intent, entry, stop, and target were accepted for Gate 9 scoring.","project_owner","2026-05-21T12:07:22Z"
"breakout_retest-cell6-520","breakout_retest","6","XAUUSD","pepperstone","p95","2019-03-19T20:45:00+00:00","2019-03-19T21:30:00+00:00","LONG","1307.3","1306.9011292003004","1307.8483061995494","1306.8811292003004","-80.84206434201542","-1.047419031396704","stop_triggered","2019-03-19T16:45:00+00:00","2019-03-19T22:30:00+00:00","VALID_LOSS","Project owner manual review confirmed this sampled losing trade is a mechanically valid breakout_retest loss with no logic gap. Level, break/retest intent, entry, stop, and target were accepted for Gate 9 scoring.","project_owner","2026-05-21T12:07:22Z"
"breakout_retest-cell6-3167","breakout_retest","6","XAUUSD","pepperstone","p95","2020-05-01T04:55:00+00:00","2020-05-01T05:40:00+00:00","SHORT","1686.58","1688.0444888449472","1684.4332667325789","1688.0644888449472","-387.4515885312287","-1.011178697193484","stop_triggered","2020-05-01T00:55:00+00:00","2020-05-01T06:40:00+00:00","VALID_LOSS","Project owner manual review confirmed this sampled losing trade is a mechanically valid breakout_retest loss with no logic gap. Level, break/retest intent, entry, stop, and target were accepted for Gate 9 scoring.","project_owner","2026-05-21T12:07:22Z"
"breakout_retest-cell6-4079","breakout_retest","6","XAUUSD","pepperstone","p95","2020-09-10T08:45:00+00:00","2020-09-10T08:50:00+00:00","LONG","1947.6","1946.6835227105448","1948.924715934183","1946.6635227105448","-567.50523740991","-1.0203462144452042","stop_triggered","2020-09-10T04:45:00+00:00","2020-09-10T09:50:00+00:00","VALID_LOSS","Project owner manual review confirmed this sampled losing trade is a mechanically valid breakout_retest loss with no logic gap. Level, break/retest intent, entry, stop, and target were accepted for Gate 9 scoring.","project_owner","2026-05-21T12:07:22Z"
"breakout_retest-cell6-4178","breakout_retest","6","XAUUSD","pepperstone","p95","2020-09-23T21:00:00+00:00","2020-09-23T21:35:00+00:00","SHORT","1863.51","1865.9739805805284","1859.8640291292072","1865.9939805805284","-668.1907761621385","-1.0080646662377413","stop_triggered","2020-09-23T17:00:00+00:00","2020-09-23T22:35:00+00:00","VALID_LOSS","Project owner manual review confirmed this sampled losing trade is a mechanically valid breakout_retest loss with no logic gap. Level, break/retest intent, entry, stop, and target were accepted for Gate 9 scoring.","project_owner","2026-05-21T12:07:22Z"
"breakout_retest-cell6-4339","breakout_retest","6","XAUUSD","pepperstone","p95","2020-10-16T09:55:00+00:00","2020-10-16T10:00:00+00:00","SHORT","1903.3","1904.3398464672543","1901.7902302991176","1904.3598464672543","-647.5661914925615","-1.0175893579061863","stop_triggered","2020-10-16T05:55:00+00:00","2020-10-16T11:00:00+00:00","VALID_LOSS","Project owner manual review confirmed this sampled losing trade is a mechanically valid breakout_retest loss with no logic gap. Level, break/retest intent, entry, stop, and target were accepted for Gate 9 scoring.","project_owner","2026-05-21T12:07:22Z"
"breakout_retest-cell6-5400","breakout_retest","6","XAUUSD","pepperstone","p95","2021-03-30T23:55:00+00:00","2021-03-31T01:25:00+00:00","LONG","1684.57","1683.683243959674","1685.850134060489","1683.663243959674","-1468.9447853280303","-1.0221961231587482","stop_triggered","2021-03-30T19:55:00+00:00","2021-03-31T02:25:00+00:00","VALID_LOSS","Project owner manual review confirmed this sampled losing trade is a mechanically valid breakout_retest loss with no logic gap. Level, break/retest intent, entry, stop, and target were accepted for Gate 9 scoring.","project_owner","2026-05-21T12:07:22Z"
"breakout_retest-cell6-5657","breakout_retest","6","XAUUSD","pepperstone","p95","2021-05-10T15:15:00+00:00","2021-05-10T15:25:00+00:00","LONG","1842.44","1840.1392086131052","1845.841187080342","1840.1192086131052","-1831.1044042598376","-1.0083484611182665","stop_triggered","2021-05-10T11:15:00+00:00","2021-05-10T16:25:00+00:00","VALID_LOSS","Project owner manual review confirmed this sampled losing trade is a mechanically valid breakout_retest loss with no logic gap. Level, break/retest intent, entry, stop, and target were accepted for Gate 9 scoring.","project_owner","2026-05-21T12:07:22Z"
"breakout_retest-cell6-6815","breakout_retest","6","XAUUSD","pepperstone","p95","2021-11-04T11:00:00+00:00","2021-11-04T11:05:00+00:00","LONG","1774.41","1773.4628427569355","1775.7807358645969","1773.4428427569355","-4484.70813609031","-1.0210739225574688","stop_triggered","2021-11-04T07:00:00+00:00","2021-11-04T12:05:00+00:00","VALID_LOSS","Project owner manual review confirmed this sampled losing trade is a mechanically valid breakout_retest loss with no logic gap. Level, break/retest intent, entry, stop, and target were accepted for Gate 9 scoring.","project_owner","2026-05-21T12:07:22Z"
"breakout_retest-cell7-177","breakout_retest","7","XAUUSD","dukascopy","best_case","2022-01-25T07:05:00+00:00","2022-01-25T07:20:00+00:00","SHORT","1841.181","1842.033580565916","1839.9021291511265","1842.033580565916","-62.23838131185243","-0.9923535978544988","stop_triggered","2022-01-25T03:05:00+00:00","2022-01-25T08:20:00+00:00","VALID_LOSS","Project owner manual review confirmed this sampled losing trade is a mechanically valid breakout_retest loss with no logic gap. Level, break/retest intent, entry, stop, and target were accepted for Gate 9 scoring.","project_owner","2026-05-21T12:07:22Z"
"breakout_retest-cell7-940","breakout_retest","7","XAUUSD","dukascopy","best_case","2022-05-11T17:20:00+00:00","2022-05-11T18:00:00+00:00","LONG","1854.038","1851.4711972051996","1857.888204192201","1851.4711972051996","-123.20653415043124","-0.9896112845707956","stop_triggered","2022-05-11T13:20:00+00:00","2022-05-11T19:00:00+00:00","VALID_LOSS","Project owner manual review confirmed this sampled losing trade is a mechanically valid breakout_retest loss with no logic gap. Level, break/retest intent, entry, stop, and target were accepted for Gate 9 scoring.","project_owner","2026-05-21T12:07:22Z"
"breakout_retest-cell7-998","breakout_retest","7","XAUUSD","dukascopy","best_case","2022-05-19T00:10:00+00:00","2022-05-19T01:45:00+00:00","SHORT","1814.948","1816.7340328455016","1812.2689507317475","1816.7340328455016","-137.52452910363263","-0.9914423515136668","stop_triggered","2022-05-18T20:10:00+00:00","2022-05-19T02:45:00+00:00","VALID_LOSS","Project owner manual review confirmed this sampled losing trade is a mechanically valid breakout_retest loss with no logic gap. Level, break/retest intent, entry, stop, and target were accepted for Gate 9 scoring.","project_owner","2026-05-21T12:07:22Z"
"breakout_retest-cell7-1192","breakout_retest","7","XAUUSD","dukascopy","best_case","2022-06-14T23:50:00+00:00","2022-06-14T23:55:00+00:00","LONG","1809.958","1809.1348913186864","1811.192663021971","1809.1348913186864","-189.3149967021964","-0.99921948955871","stop_triggered","2022-06-14T19:50:00+00:00","2022-06-15T00:55:00+00:00","VALID_LOSS","Project owner manual review confirmed this sampled losing trade is a mechanically valid breakout_retest loss with no logic gap. Level, break/retest intent, entry, stop, and target were accepted for Gate 9 scoring.","project_owner","2026-05-21T12:07:22Z"
"breakout_retest-cell7-2196","breakout_retest","7","XAUUSD","dukascopy","best_case","2022-11-01T04:20:00+00:00","2022-11-01T04:25:00+00:00","SHORT","1637.007","1637.9507443309044","1635.5913835036436","1637.9507443309044","-452.0535345031776","-0.9991594877996124","stop_triggered","2022-11-01T00:20:00+00:00","2022-11-01T05:25:00+00:00","VALID_LOSS","Project owner manual review confirmed this sampled losing trade is a mechanically valid breakout_retest loss with no logic gap. Level, break/retest intent, entry, stop, and target were accepted for Gate 9 scoring.","project_owner","2026-05-21T12:07:22Z"
"breakout_retest-cell7-2681","breakout_retest","7","XAUUSD","dukascopy","best_case","2023-01-12T05:20:00+00:00","2023-01-12T05:50:00+00:00","LONG","1884.278","1883.691897262584","1885.1571541061244","1883.691897262584","-935.4199689163196","-0.9995300301062608","stop_triggered","2023-01-12T01:20:00+00:00","2023-01-12T06:50:00+00:00","VALID_LOSS","Project owner manual review confirmed this sampled losing trade is a mechanically valid breakout_retest loss with no logic gap. Level, break/retest intent, entry, stop, and target were accepted for Gate 9 scoring.","project_owner","2026-05-21T12:07:22Z"
"breakout_retest-cell7-4444","breakout_retest","7","XAUUSD","dukascopy","best_case","2023-09-19T00:50:00+00:00","2023-09-19T01:05:00+00:00","SHORT","1932.835","1933.2813197862283","1932.1655203206576","1933.2813197862283","-5657.103290443536","-0.9999457117070673","stop_triggered","2023-09-18T20:50:00+00:00","2023-09-19T02:05:00+00:00","VALID_LOSS","Project owner manual review confirmed this sampled losing trade is a mechanically valid breakout_retest loss with no logic gap. Level, break/retest intent, entry, stop, and target were accepted for Gate 9 scoring.","project_owner","2026-05-21T12:07:22Z"
"breakout_retest-cell7-4679","breakout_retest","7","XAUUSD","dukascopy","best_case","2023-10-19T08:55:00+00:00","2023-10-19T09:30:00+00:00","LONG","1949.295","1947.8108952599223","1951.5211571101163","1947.8108952599223","-7140.027904513117","-0.9999479091151644","stop_triggered","2023-10-19T04:55:00+00:00","2023-10-19T10:30:00+00:00","VALID_LOSS","Project owner manual review confirmed this sampled losing trade is a mechanically valid breakout_retest loss with no logic gap. Level, break/retest intent, entry, stop, and target were accepted for Gate 9 scoring.","project_owner","2026-05-21T12:07:22Z"
"breakout_retest-cell7-5237","breakout_retest","7","XAUUSD","dukascopy","best_case","2024-01-09T13:50:00+00:00","2024-01-09T14:35:00+00:00","LONG","2038.378","2035.5505378433256","2042.6191932350116","2035.5505378433256","-14538.810409619256","-0.9999159443260016","stop_triggered","2024-01-09T09:50:00+00:00","2024-01-09T15:35:00+00:00","VALID_LOSS","Project owner manual review confirmed this sampled losing trade is a mechanically valid breakout_retest loss with no logic gap. Level, break/retest intent, entry, stop, and target were accepted for Gate 9 scoring.","project_owner","2026-05-21T12:07:22Z"
"breakout_retest-cell7-6952","breakout_retest","7","XAUUSD","dukascopy","best_case","2024-09-05T15:25:00+00:00","2024-09-05T15:40:00+00:00","SHORT","2506.098","2508.7943217972597","2502.0535173041108","2508.7943217972597","-103781.42597651106","-0.9999997522670444","stop_triggered","2024-09-05T11:25:00+00:00","2024-09-05T16:40:00+00:00","VALID_LOSS","Project owner manual review confirmed this sampled losing trade is a mechanically valid breakout_retest loss with no logic gap. Level, break/retest intent, entry, stop, and target were accepted for Gate 9 scoring.","project_owner","2026-05-21T12:07:22Z"
"breakout_retest-cell7-7304","breakout_retest","7","XAUUSD","dukascopy","best_case","2024-10-24T16:15:00+00:00","2024-10-24T16:40:00+00:00","SHORT","2727.965","2730.547620312274","2724.0910695315883","2730.547620312274","-181268.95447790364","-0.9999861998460332","stop_triggered","2024-10-24T12:15:00+00:00","2024-10-24T17:40:00+00:00","VALID_LOSS","Project owner manual review confirmed this sampled losing trade is a mechanically valid breakout_retest loss with no logic gap. Level, break/retest intent, entry, stop, and target were accepted for Gate 9 scoring.","project_owner","2026-05-21T12:07:22Z"
"breakout_retest-cell7-7740","breakout_retest","7","XAUUSD","dukascopy","best_case","2024-12-26T18:50:00+00:00","2024-12-26T19:05:00+00:00","LONG","2634.525","2633.2944668476403","2636.37079972854","2633.2944668476403","-346719.94314151787","-0.9999997356347902","stop_triggered","2024-12-26T14:50:00+00:00","2024-12-26T20:05:00+00:00","VALID_LOSS","Project owner manual review confirmed this sampled losing trade is a mechanically valid breakout_retest loss with no logic gap. Level, break/retest intent, entry, stop, and target were accepted for Gate 9 scoring.","project_owner","2026-05-21T12:07:22Z"
"breakout_retest-cell7-7771","breakout_retest","7","XAUUSD","dukascopy","best_case","2024-12-30T13:25:00+00:00","2024-12-30T13:35:00+00:00","LONG","2619.835","2617.580140454113","2623.217289318831","2617.580140454113","-349122.15834923467","-0.999993816705286","stop_triggered","2024-12-30T09:25:00+00:00","2024-12-30T14:35:00+00:00","VALID_LOSS","Project owner manual review confirmed this sampled losing trade is a mechanically valid breakout_retest loss with no logic gap. Level, break/retest intent, entry, stop, and target were accepted for Gate 9 scoring.","project_owner","2026-05-21T12:07:22Z"
"breakout_retest-cell7-7774","breakout_retest","7","XAUUSD","dukascopy","best_case","2024-12-30T18:25:00+00:00","2024-12-30T18:40:00+00:00","LONG","2604.8450000000003","2603.395507966585","2607.019238050123","2603.395507966585","-352607.7805246396","-0.9999968843443262","stop_triggered","2024-12-30T14:25:00+00:00","2024-12-30T19:40:00+00:00","VALID_LOSS","Project owner manual review confirmed this sampled losing trade is a mechanically valid breakout_retest loss with no logic gap. Level, break/retest intent, entry, stop, and target were accepted for Gate 9 scoring.","project_owner","2026-05-21T12:07:22Z"
"breakout_retest-cell7-7775","breakout_retest","7","XAUUSD","dukascopy","best_case","2024-12-30T18:50:00+00:00","2024-12-30T19:25:00+00:00","LONG","2605.1450000000004","2603.5701135907607","2607.50732961386","2603.5701135907607","-350845.3198183859","-0.9999985166947254","stop_triggered","2024-12-30T14:50:00+00:00","2024-12-30T20:25:00+00:00","VALID_LOSS","Project owner manual review confirmed this sampled losing trade is a mechanically valid breakout_retest loss with no logic gap. Level, break/retest intent, entry, stop, and target were accepted for Gate 9 scoring.","project_owner","2026-05-21T12:07:22Z"
"breakout_retest-cell7-7777","breakout_retest","7","XAUUSD","dukascopy","best_case","2024-12-30T20:00:00+00:00","2024-12-30T20:20:00+00:00","SHORT","2606.675","2608.148788619772","2604.464317070341","2608.148788619772","-351709.3375883023","-0.9999987021754044","stop_triggered","2024-12-30T16:00:00+00:00","2024-12-30T21:20:00+00:00","VALID_LOSS","Project owner manual review confirmed this sampled losing trade is a mechanically valid breakout_retest loss with no logic gap. Level, break/retest intent, entry, stop, and target were accepted for Gate 9 scoring.","project_owner","2026-05-21T12:07:22Z"
"breakout_retest-cell7-7780","breakout_retest","7","XAUUSD","dukascopy","best_case","2024-12-31T00:15:00+00:00","2024-12-31T00:25:00+00:00","SHORT","2605.085","2606.2213302755954","2603.3805045866056","2606.2213302755954","-355219.11681180145","-0.9999969745972896","stop_triggered","2024-12-30T20:15:00+00:00","2024-12-31T01:25:00+00:00","VALID_LOSS","Project owner manual review confirmed this sampled losing trade is a mechanically valid breakout_retest loss with no logic gap. Level, break/retest intent, entry, stop, and target were accepted for Gate 9 scoring.","project_owner","2026-05-21T12:07:22Z"
"breakout_retest-cell7-7783","breakout_retest","7","XAUUSD","dukascopy","best_case","2024-12-31T02:05:00+00:00","2024-12-31T02:50:00+00:00","LONG","2609.115","2607.917473189545","2610.911290215683","2607.917473189545","-358764.6620906529","-0.9999972909776396","stop_triggered","2024-12-30T22:05:00+00:00","2024-12-31T03:50:00+00:00","VALID_LOSS","Project owner manual review confirmed this sampled losing trade is a mechanically valid breakout_retest loss with no logic gap. Level, break/retest intent, entry, stop, and target were accepted for Gate 9 scoring.","project_owner","2026-05-21T12:07:22Z"
"breakout_retest-cell7-7785","breakout_retest","7","XAUUSD","dukascopy","best_case","2024-12-31T06:10:00+00:00","2024-12-31T06:15:00+00:00","SHORT","2603.885","2605.044053148138","2602.1464202777925","2605.044053148138","-359648.39660159085","-0.9999980660011094","stop_triggered","2024-12-31T02:10:00+00:00","2024-12-31T07:15:00+00:00","VALID_LOSS","Project owner manual review confirmed this sampled losing trade is a mechanically valid breakout_retest loss with no logic gap. Level, break/retest intent, entry, stop, and target were accepted for Gate 9 scoring.","project_owner","2026-05-21T12:07:22Z"
"breakout_retest-cell7-7787","breakout_retest","7","XAUUSD","dukascopy","best_case","2024-12-31T10:55:00+00:00","2024-12-31T11:10:00+00:00","SHORT","2611.638","2613.107158528413","2609.43426220738","2613.107158528413","-360534.441189636","-0.999999260594591","stop_triggered","2024-12-31T06:55:00+00:00","2024-12-31T12:10:00+00:00","VALID_LOSS","Project owner manual review confirmed this sampled losing trade is a mechanically valid breakout_retest loss with no logic gap. Level, break/retest intent, entry, stop, and target were accepted for Gate 9 scoring.","project_owner","2026-05-21T12:07:22Z"
"breakout_retest-cell7-7789","breakout_retest","7","XAUUSD","dukascopy","best_case","2024-12-31T12:05:00+00:00","2024-12-31T12:50:00+00:00","SHORT","2609.865","2611.188695111492","2607.8794573327623","2611.188695111492","-361421.71324172535","-0.999997775954128","stop_triggered","2024-12-31T08:05:00+00:00","2024-12-31T13:50:00+00:00","VALID_LOSS","Project owner manual review confirmed this sampled losing trade is a mechanically valid breakout_retest loss with no logic gap. Level, break/retest intent, entry, stop, and target were accepted for Gate 9 scoring.","project_owner","2026-05-21T12:07:22Z"
"breakout_retest-cell8-754","breakout_retest","8","XAUUSD","dukascopy","median","2022-04-17T22:05:00+00:00","2022-04-17T22:10:00+00:00","SHORT","1973.208","1973.218","1973.193","1973.218","-108.2999999999015","-0.9999683230605948","stop_triggered","2022-04-17T18:05:00+00:00","2022-04-17T23:10:00+00:00","VALID_LOSS","Project owner manual review confirmed this sampled losing trade is a mechanically valid breakout_retest loss with no logic gap. Level, break/retest intent, entry, stop, and target were accepted for Gate 9 scoring.","project_owner","2026-05-21T12:07:22Z"
"breakout_retest-cell8-913","breakout_retest","8","XAUUSD","dukascopy","median","2022-05-09T16:30:00+00:00","2022-05-09T16:50:00+00:00","LONG","1864.898","1862.7588856787677","1868.1066714818485","1862.7588856787677","-117.65128766778504","-0.9948410110492713","stop_triggered","2022-05-09T12:30:00+00:00","2022-05-09T17:50:00+00:00","VALID_LOSS","Project owner manual review confirmed this sampled losing trade is a mechanically valid breakout_retest loss with no logic gap. Level, break/retest intent, entry, stop, and target were accepted for Gate 9 scoring.","project_owner","2026-05-21T12:07:22Z"
"breakout_retest-cell8-2981","breakout_retest","8","XAUUSD","dukascopy","median","2023-02-23T15:20:00+00:00","2023-02-23T15:30:00+00:00","SHORT","1823.675","1825.6731668875816","1820.6777496686277","1825.6731668875816","-1222.878135200107","-0.998538477132872","stop_triggered","2023-02-23T11:20:00+00:00","2023-02-23T16:30:00+00:00","VALID_LOSS","Project owner manual review confirmed this sampled losing trade is a mechanically valid breakout_retest loss with no logic gap. Level, break/retest intent, entry, stop, and target were accepted for Gate 9 scoring.","project_owner","2026-05-21T12:07:22Z"
"breakout_retest-cell8-3167","breakout_retest","8","XAUUSD","dukascopy","median","2023-03-23T10:30:00+00:00","2023-03-23T11:05:00+00:00","LONG","1979.524","1977.4472529852228","1982.6391205221653","1977.4472529852228","-1808.84664987084","-0.9991720995971136","stop_triggered","2023-03-23T06:30:00+00:00","2023-03-23T12:05:00+00:00","VALID_LOSS","Project owner manual review confirmed this sampled losing trade is a mechanically valid breakout_retest loss with no logic gap. Level, break/retest intent, entry, stop, and target were accepted for Gate 9 scoring.","project_owner","2026-05-21T12:07:22Z"
"breakout_retest-cell8-3546","breakout_retest","8","XAUUSD","dukascopy","median","2023-05-19T05:35:00+00:00","2023-05-19T05:40:00+00:00","SHORT","1961.705","1962.3301098717209","1960.7673351924188","1962.3301098717209","-2498.5641572677346","-0.9997652719929458","stop_triggered","2023-05-19T01:35:00+00:00","2023-05-19T06:40:00+00:00","VALID_LOSS","Project owner manual review confirmed this sampled losing trade is a mechanically valid breakout_retest loss with no logic gap. Level, break/retest intent, entry, stop, and target were accepted for Gate 9 scoring.","project_owner","2026-05-21T12:07:22Z"
"breakout_retest-cell8-4184","breakout_retest","8","XAUUSD","dukascopy","median","2023-08-13T22:15:00+00:00","2023-08-13T23:05:00+00:00","LONG","1914.165","1913.2659647959183","1915.513552806122","1913.2659647959183","-4655.204286733638","-0.999900515292192","stop_triggered","2023-08-13T18:15:00+00:00","2023-08-14T00:05:00+00:00","VALID_LOSS","Project owner manual review confirmed this sampled losing trade is a mechanically valid breakout_retest loss with no logic gap. Level, break/retest intent, entry, stop, and target were accepted for Gate 9 scoring.","project_owner","2026-05-21T12:07:22Z"
"breakout_retest-cell8-5156","breakout_retest","8","XAUUSD","dukascopy","median","2023-12-28T10:45:00+00:00","2023-12-28T11:00:00+00:00","SHORT","2076.325","2077.508106665364","2074.550340001954","2077.508106665364","-12287.745826470438","-0.9999614692943408","stop_triggered","2023-12-28T06:45:00+00:00","2023-12-28T12:00:00+00:00","VALID_LOSS","Project owner manual review confirmed this sampled losing trade is a mechanically valid breakout_retest loss with no logic gap. Level, break/retest intent, entry, stop, and target were accepted for Gate 9 scoring.","project_owner","2026-05-21T12:07:22Z"
"breakout_retest-cell8-6385","breakout_retest","8","XAUUSD","dukascopy","median","2024-06-24T06:15:00+00:00","2024-06-24T06:20:00+00:00","LONG","2323.815","2322.4991645394803","2325.78875319078","2322.4991645394803","-71941.98796845916","-0.9999901641814556","stop_triggered","2024-06-24T02:15:00+00:00","2024-06-24T07:20:00+00:00","VALID_LOSS","Project owner manual review confirmed this sampled losing trade is a mechanically valid breakout_retest loss with no logic gap. Level, break/retest intent, entry, stop, and target were accepted for Gate 9 scoring.","project_owner","2026-05-21T12:07:22Z"
"breakout_retest-cell8-6511","breakout_retest","8","XAUUSD","dukascopy","median","2024-07-09T19:50:00+00:00","2024-07-09T22:20:00+00:00","LONG","2363.9280000000003","2362.7797008508483","2365.6504487237285","2362.7797008508483","-82956.57543219376","-0.999986179395494","stop_triggered","2024-07-09T15:50:00+00:00","2024-07-09T23:20:00+00:00","VALID_LOSS","Project owner manual review confirmed this sampled losing trade is a mechanically valid breakout_retest loss with no logic gap. Level, break/retest intent, entry, stop, and target were accepted for Gate 9 scoring.","project_owner","2026-05-21T12:07:22Z"
"breakout_retest-cell8-6917","breakout_retest","8","XAUUSD","dukascopy","median","2024-09-02T06:35:00+00:00","2024-09-02T08:40:00+00:00","SHORT","2498.235","2501.4344269660323","2493.4358595509507","2501.4344269660323","-103847.0004634881","-0.9999764686429355","stop_triggered","2024-09-02T02:35:00+00:00","2024-09-02T09:40:00+00:00","VALID_LOSS","Project owner manual review confirmed this sampled losing trade is a mechanically valid breakout_retest loss with no logic gap. Level, break/retest intent, entry, stop, and target were accepted for Gate 9 scoring.","project_owner","2026-05-21T12:07:22Z"
"breakout_retest-cell8-7085","breakout_retest","8","XAUUSD","dukascopy","median","2024-09-24T11:15:00+00:00","2024-09-24T11:40:00+00:00","LONG","2631.8450000000003","2628.502582447249","2636.858626329127","2628.502582447249","-126096.0445950902","-0.9999916378935908","stop_triggered","2024-09-24T07:15:00+00:00","2024-09-24T12:40:00+00:00","VALID_LOSS","Project owner manual review confirmed this sampled losing trade is a mechanically valid breakout_retest loss with no logic gap. Level, break/retest intent, entry, stop, and target were accepted for Gate 9 scoring.","project_owner","2026-05-21T12:07:22Z"
"breakout_retest-cell8-7740","breakout_retest","8","XAUUSD","dukascopy","median","2024-12-26T18:50:00+00:00","2024-12-26T19:05:00+00:00","LONG","2634.525","2633.2944668476403","2636.37079972854","2633.2944668476403","-346719.94314151787","-0.9999997356347902","stop_triggered","2024-12-26T14:50:00+00:00","2024-12-26T20:05:00+00:00","VALID_LOSS","Project owner manual review confirmed this sampled losing trade is a mechanically valid breakout_retest loss with no logic gap. Level, break/retest intent, entry, stop, and target were accepted for Gate 9 scoring.","project_owner","2026-05-21T12:07:22Z"
"breakout_retest-cell8-7771","breakout_retest","8","XAUUSD","dukascopy","median","2024-12-30T13:25:00+00:00","2024-12-30T13:35:00+00:00","LONG","2619.835","2617.580140454113","2623.217289318831","2617.580140454113","-349122.15834923467","-0.999993816705286","stop_triggered","2024-12-30T09:25:00+00:00","2024-12-30T14:35:00+00:00","VALID_LOSS","Project owner manual review confirmed this sampled losing trade is a mechanically valid breakout_retest loss with no logic gap. Level, break/retest intent, entry, stop, and target were accepted for Gate 9 scoring.","project_owner","2026-05-21T12:07:22Z"
"breakout_retest-cell8-7774","breakout_retest","8","XAUUSD","dukascopy","median","2024-12-30T18:25:00+00:00","2024-12-30T18:40:00+00:00","LONG","2604.8450000000003","2603.395507966585","2607.019238050123","2603.395507966585","-352607.7805246396","-0.9999968843443262","stop_triggered","2024-12-30T14:25:00+00:00","2024-12-30T19:40:00+00:00","VALID_LOSS","Project owner manual review confirmed this sampled losing trade is a mechanically valid breakout_retest loss with no logic gap. Level, break/retest intent, entry, stop, and target were accepted for Gate 9 scoring.","project_owner","2026-05-21T12:07:22Z"
"breakout_retest-cell8-7775","breakout_retest","8","XAUUSD","dukascopy","median","2024-12-30T18:50:00+00:00","2024-12-30T19:25:00+00:00","LONG","2605.1450000000004","2603.5701135907607","2607.50732961386","2603.5701135907607","-350845.3198183859","-0.9999985166947254","stop_triggered","2024-12-30T14:50:00+00:00","2024-12-30T20:25:00+00:00","VALID_LOSS","Project owner manual review confirmed this sampled losing trade is a mechanically valid breakout_retest loss with no logic gap. Level, break/retest intent, entry, stop, and target were accepted for Gate 9 scoring.","project_owner","2026-05-21T12:07:22Z"
"breakout_retest-cell8-7777","breakout_retest","8","XAUUSD","dukascopy","median","2024-12-30T20:00:00+00:00","2024-12-30T20:20:00+00:00","SHORT","2606.675","2608.148788619772","2604.464317070341","2608.148788619772","-351709.3375883023","-0.9999987021754044","stop_triggered","2024-12-30T16:00:00+00:00","2024-12-30T21:20:00+00:00","VALID_LOSS","Project owner manual review confirmed this sampled losing trade is a mechanically valid breakout_retest loss with no logic gap. Level, break/retest intent, entry, stop, and target were accepted for Gate 9 scoring.","project_owner","2026-05-21T12:07:22Z"
"breakout_retest-cell8-7780","breakout_retest","8","XAUUSD","dukascopy","median","2024-12-31T00:15:00+00:00","2024-12-31T00:25:00+00:00","SHORT","2605.085","2606.2213302755954","2603.3805045866056","2606.2213302755954","-355219.11681180145","-0.9999969745972896","stop_triggered","2024-12-30T20:15:00+00:00","2024-12-31T01:25:00+00:00","VALID_LOSS","Project owner manual review confirmed this sampled losing trade is a mechanically valid breakout_retest loss with no logic gap. Level, break/retest intent, entry, stop, and target were accepted for Gate 9 scoring.","project_owner","2026-05-21T12:07:22Z"
"breakout_retest-cell8-7783","breakout_retest","8","XAUUSD","dukascopy","median","2024-12-31T02:05:00+00:00","2024-12-31T02:50:00+00:00","LONG","2609.115","2607.917473189545","2610.911290215683","2607.917473189545","-358764.6620906529","-0.9999972909776396","stop_triggered","2024-12-30T22:05:00+00:00","2024-12-31T03:50:00+00:00","VALID_LOSS","Project owner manual review confirmed this sampled losing trade is a mechanically valid breakout_retest loss with no logic gap. Level, break/retest intent, entry, stop, and target were accepted for Gate 9 scoring.","project_owner","2026-05-21T12:07:22Z"
"breakout_retest-cell8-7785","breakout_retest","8","XAUUSD","dukascopy","median","2024-12-31T06:10:00+00:00","2024-12-31T06:15:00+00:00","SHORT","2603.885","2605.044053148138","2602.1464202777925","2605.044053148138","-359648.39660159085","-0.9999980660011094","stop_triggered","2024-12-31T02:10:00+00:00","2024-12-31T07:15:00+00:00","VALID_LOSS","Project owner manual review confirmed this sampled losing trade is a mechanically valid breakout_retest loss with no logic gap. Level, break/retest intent, entry, stop, and target were accepted for Gate 9 scoring.","project_owner","2026-05-21T12:07:22Z"
"breakout_retest-cell8-7787","breakout_retest","8","XAUUSD","dukascopy","median","2024-12-31T10:55:00+00:00","2024-12-31T11:10:00+00:00","SHORT","2611.638","2613.107158528413","2609.43426220738","2613.107158528413","-360534.441189636","-0.999999260594591","stop_triggered","2024-12-31T06:55:00+00:00","2024-12-31T12:10:00+00:00","VALID_LOSS","Project owner manual review confirmed this sampled losing trade is a mechanically valid breakout_retest loss with no logic gap. Level, break/retest intent, entry, stop, and target were accepted for Gate 9 scoring.","project_owner","2026-05-21T12:07:22Z"
"breakout_retest-cell8-7789","breakout_retest","8","XAUUSD","dukascopy","median","2024-12-31T12:05:00+00:00","2024-12-31T12:50:00+00:00","SHORT","2609.865","2611.188695111492","2607.8794573327623","2611.188695111492","-361421.71324172535","-0.999997775954128","stop_triggered","2024-12-31T08:05:00+00:00","2024-12-31T13:50:00+00:00","VALID_LOSS","Project owner manual review confirmed this sampled losing trade is a mechanically valid breakout_retest loss with no logic gap. Level, break/retest intent, entry, stop, and target were accepted for Gate 9 scoring.","project_owner","2026-05-21T12:07:22Z"
"breakout_retest-cell9-408","breakout_retest","9","XAUUSD","dukascopy","p95","2022-02-28T01:35:00+00:00","2022-02-28T03:35:00+00:00","LONG","1912.278","1905.5078676137089","1922.3831985794368","1905.4878676137089","-67.90132386291134","-0.9591975583296162","stop_triggered","2022-02-27T21:35:00+00:00","2022-02-28T04:35:00+00:00","VALID_LOSS","Project owner manual review confirmed this sampled losing trade is a mechanically valid breakout_retest loss with no logic gap. Level, break/retest intent, entry, stop, and target were accepted for Gate 9 scoring.","project_owner","2026-05-21T12:07:22Z"
"breakout_retest-cell9-898","breakout_retest","9","XAUUSD","dukascopy","p95","2022-05-05T17:20:00+00:00","2022-05-05T19:30:00+00:00","SHORT","1876.638","1879.193777841618","1872.854333237573","1879.213777841618","-87.57644661501173","-0.9794178330420076","stop_triggered","2022-05-05T13:20:00+00:00","2022-05-05T20:30:00+00:00","VALID_LOSS","Project owner manual review confirmed this sampled losing trade is a mechanically valid breakout_retest loss with no logic gap. Level, break/retest intent, entry, stop, and target were accepted for Gate 9 scoring.","project_owner","2026-05-21T12:07:22Z"
"breakout_retest-cell9-1046","breakout_retest","9","XAUUSD","dukascopy","p95","2022-05-25T11:30:00+00:00","2022-05-25T11:35:00+00:00","SHORT","1854.413","1855.3752280094595","1853.0196579858111","1855.3952280094595","-113.93844909727612","-1.0127531699681798","stop_triggered","2022-05-25T07:30:00+00:00","2022-05-25T12:35:00+00:00","VALID_LOSS","Project owner manual review confirmed this sampled losing trade is a mechanically valid breakout_retest loss with no logic gap. Level, break/retest intent, entry, stop, and target were accepted for Gate 9 scoring.","project_owner","2026-05-21T12:07:22Z"
"breakout_retest-cell9-1093","breakout_retest","9","XAUUSD","dukascopy","p95","2022-06-01T06:50:00+00:00","2022-06-01T07:05:00+00:00","SHORT","1833.36","1835.0581877153245","1830.862718427014","1835.078187715324","-118.55495235736429","-1.0003714467978908","stop_triggered","2022-06-01T02:50:00+00:00","2022-06-01T08:05:00+00:00","VALID_LOSS","Project owner manual review confirmed this sampled losing trade is a mechanically valid breakout_retest loss with no logic gap. Level, break/retest intent, entry, stop, and target were accepted for Gate 9 scoring.","project_owner","2026-05-21T12:07:22Z"
"breakout_retest-cell9-2070","breakout_retest","9","XAUUSD","dukascopy","p95","2022-10-06T23:15:00+00:00","2022-10-07T00:25:00+00:00","SHORT","1711.844","1712.6886955550522","1710.6269566674218","1712.708695555052","-220.497366538284","-1.0201402751488782","stop_triggered","2022-10-06T19:15:00+00:00","2022-10-07T01:25:00+00:00","VALID_LOSS","Project owner manual review confirmed this sampled losing trade is a mechanically valid breakout_retest loss with no logic gap. Level, break/retest intent, entry, stop, and target were accepted for Gate 9 scoring.","project_owner","2026-05-21T12:07:22Z"
"breakout_retest-cell9-2896","breakout_retest","9","XAUUSD","dukascopy","p95","2023-02-10T05:10:00+00:00","2023-02-10T05:35:00+00:00","SHORT","1853.285","1854.5244308511344","1851.4758537232988","1854.5444308511344","-494.9563244956951","-1.0154700701795858","stop_triggered","2023-02-10T01:10:00+00:00","2023-02-10T06:35:00+00:00","VALID_LOSS","Project owner manual review confirmed this sampled losing trade is a mechanically valid breakout_retest loss with no logic gap. Level, break/retest intent, entry, stop, and target were accepted for Gate 9 scoring.","project_owner","2026-05-21T12:07:22Z"
"breakout_retest-cell9-3309","breakout_retest","9","XAUUSD","dukascopy","p95","2023-04-12T00:35:00+00:00","2023-04-12T01:10:00+00:00","LONG","2005.245","2003.887347338625","2007.2314789920624","2003.867347338625","-841.7457761000612","-1.013677142709447","stop_triggered","2023-04-11T20:35:00+00:00","2023-04-12T02:10:00+00:00","VALID_LOSS","Project owner manual review confirmed this sampled losing trade is a mechanically valid breakout_retest loss with no logic gap. Level, break/retest intent, entry, stop, and target were accepted for Gate 9 scoring.","project_owner","2026-05-21T12:07:22Z"
"breakout_retest-cell9-3812","breakout_retest","9","XAUUSD","dukascopy","p95","2023-06-26T19:25:00+00:00","2023-06-26T22:05:00+00:00","SHORT","1922.745","1923.401171562353","1921.810742656471","1923.421171562353","-1096.750274136436","-1.0302291464572175","stop_triggered","2023-06-26T15:25:00+00:00","2023-06-26T23:05:00+00:00","VALID_LOSS","Project owner manual review confirmed this sampled losing trade is a mechanically valid breakout_retest loss with no logic gap. Level, break/retest intent, entry, stop, and target were accepted for Gate 9 scoring.","project_owner","2026-05-21T12:07:22Z"
"breakout_retest-cell9-4574","breakout_retest","9","XAUUSD","dukascopy","p95","2023-10-04T12:50:00+00:00","2023-10-04T13:05:00+00:00","LONG","1828.225","1825.8968142787076","1831.6672785819387","1825.8768142787076","-1533.365276004046","-1.0071122968208308","stop_triggered","2023-10-04T08:50:00+00:00","2023-10-04T14:05:00+00:00","VALID_LOSS","Project owner manual review confirmed this sampled losing trade is a mechanically valid breakout_retest loss with no logic gap. Level, break/retest intent, entry, stop, and target were accepted for Gate 9 scoring.","project_owner","2026-05-21T12:07:22Z"
"breakout_retest-cell9-4676","breakout_retest","9","XAUUSD","dukascopy","p95","2023-10-19T02:30:00+00:00","2023-10-19T03:05:00+00:00","SHORT","1948.185","1950.0727976946432","1945.403303458035","1950.0927976946432","-1686.493162064633","-1.0098870145712402","stop_triggered","2023-10-18T22:30:00+00:00","2023-10-19T04:05:00+00:00","VALID_LOSS","Project owner manual review confirmed this sampled losing trade is a mechanically valid breakout_retest loss with no logic gap. Level, break/retest intent, entry, stop, and target were accepted for Gate 9 scoring.","project_owner","2026-05-21T12:07:22Z"
"breakout_retest-cell9-4703","breakout_retest","9","XAUUSD","dukascopy","p95","2023-10-23T11:50:00+00:00","2023-10-23T12:00:00+00:00","SHORT","1978.245","1979.1775299213875","1976.8962051179192","1979.1975299213875","-1743.1297561385168","-1.0211536036371476","stop_triggered","2023-10-23T07:50:00+00:00","2023-10-23T13:00:00+00:00","VALID_LOSS","Project owner manual review confirmed this sampled losing trade is a mechanically valid breakout_retest loss with no logic gap. Level, break/retest intent, entry, stop, and target were accepted for Gate 9 scoring.","project_owner","2026-05-21T12:07:22Z"
"breakout_retest-cell9-6211","breakout_retest","9","XAUUSD","dukascopy","p95","2024-05-29T14:35:00+00:00","2024-05-29T14:50:00+00:00","LONG","2344.885","2342.3570378042537","2348.62694329362","2342.3370378042537","-7980.217597078193","-1.0076534904338192","stop_triggered","2024-05-29T10:35:00+00:00","2024-05-29T15:50:00+00:00","VALID_LOSS","Project owner manual review confirmed this sampled losing trade is a mechanically valid breakout_retest loss with no logic gap. Level, break/retest intent, entry, stop, and target were accepted for Gate 9 scoring.","project_owner","2026-05-21T12:07:22Z"
"breakout_retest-cell9-6810","breakout_retest","9","XAUUSD","dukascopy","p95","2024-08-16T01:40:00+00:00","2024-08-16T02:15:00+00:00","LONG","2458.2050000000004","2455.566743528416","2462.1123847073773","2455.546743528416","-12235.95453870362","-1.0074161811559932","stop_triggered","2024-08-15T21:40:00+00:00","2024-08-16T03:15:00+00:00","VALID_LOSS","Project owner manual review confirmed this sampled losing trade is a mechanically valid breakout_retest loss with no logic gap. Level, break/retest intent, entry, stop, and target were accepted for Gate 9 scoring.","project_owner","2026-05-21T12:07:22Z"
"breakout_retest-cell9-7698","breakout_retest","9","XAUUSD","dukascopy","p95","2024-12-19T04:10:00+00:00","2024-12-19T04:30:00+00:00","SHORT","2608.975","2611.2096071638607","2605.6730892542087","2611.2296071638607","-34669.09435868726","-1.0089035922312772","stop_triggered","2024-12-19T00:10:00+00:00","2024-12-19T05:30:00+00:00","VALID_LOSS","Project owner manual review confirmed this sampled losing trade is a mechanically valid breakout_retest loss with no logic gap. Level, break/retest intent, entry, stop, and target were accepted for Gate 9 scoring.","project_owner","2026-05-21T12:07:22Z"
